date,S금리대비,S종가,H종가,H등락률,H거래량,H거래대금,H시가총액,H상장주식수,원달러환율,유가종가,유가오픈,유가고가,유가저가,유가변동률,한국기준금리,미국기준금리,한미기준금리차이,SOX종가,SOX변동률,BTC종가,BTC변동률,코스피종가,코스피고가,코스피저가,코스피거래량,코스피변동,코스닥종가,코스닥시가,코스닥고가,코스닥저가,코스닥거래량,코스닥변동,SP종가,SP변동률,반도체수출금액지수,S예측
2020-05-14,0,2400000.0,80600.0,-3.59,6409652,520000000000.0,58700000000000.0,728002365,1226.3,27.56,25.56,27.96,25.18,8.98,0.5,0.25,-0.5,1739.05,2.81,9778.4,5.16,1924.96,1931.43,1913.49,760650000.0,-0.8,690.57,687.92,693.68,684.33,1570000000.0,-0.14,2852.5,0.0,170.59,0
2020-05-15,0,2392500.0,81900.0,1.61,4168866,340000000000.0,59600000000000.0,728002365,1227.9,29.43,27.64,29.92,27.24,6.79,0.5,0.25,-0.5,1700.89,-2.19,9318.0,-4.71,1927.28,1938.59,1913.21,866360000.0,0.12,691.93,695.8,696.91,686.23,1360000000.0,0.2,2863.7,0.6,170.59,0
2020-05-18,1,2440000.0,81100.0,-0.98,5294177,427000000000.0,59000000000000.0,728002365,1229.3,31.82,29.53,33.32,29.53,8.12,0.5,0.25,-0.5,1782.54,4.8,9730.7,0.55,1937.11,1943.07,1921.14,761690000.0,0.51,690.85,695.17,695.9,688.88,1470000000.0,-0.16,2953.91,0.38,170.59,1
2020-05-19,1,2515000.0,82700.0,1.97,4620614,381000000000.0,60200000000000.0,728002365,1231.6,32.5,32.83,33.44,31.34,2.14,0.5,0.25,-0.5,1775.61,-0.39,9773.3,0.44,1980.61,1983.77,1968.59,773410000.0,2.25,696.36,696.01,696.39,687.67,1820000000.0,0.8,2922.94,0.37,170.59,1
2020-05-20,0,2500000.0,84100.0,1.69,3924403,327000000000.0,61200000000000.0,728002365,1224.5,33.49,31.89,33.78,31.56,3.05,0.5,0.25,-0.5,1840.79,3.67,9512.3,-2.67,1989.64,1992.2,1972.12,699450000.0,0.46,708.76,697.15,709.16,697.09,2070000000.0,1.78,2971.61,0.05,170.59,0
2020-05-21,0,2497500.0,83400.0,-0.83,2678953,225000000000.0,60700000000000.0,728002365,1227.8,33.92,33.53,34.66,33.26,1.28,0.5,0.25,-0.5,1790.96,-2.71,9059.0,-4.76,1998.31,2004.95,1993.0,601200000.0,0.44,716.02,714.33,716.72,711.71,1990000000.0,1.02,2948.51,-0.13,170.59,0
2020-05-22,0,2437500.0,81300.0,-2.52,3471700,284000000000.0,59200000000000.0,728002365,1230.7,33.25,33.95,34.0,30.72,-1.98,0.5,0.25,-0.5,1802.31,0.63,9169.7,1.22,1970.13,2002.65,1961.4,847470000.0,-1.41,708.58,717.78,719.15,702.5,1700000000.0,-1.04,2955.45,0.26,170.59,0
2020-05-25,1,2442500.0,81400.0,0.12,2850294,231000000000.0,59300000000000.0,728002365,1236.2,33.92,32.92,34.18,32.72,3.1,0.5,0.25,-0.5,1811.41,0.82,8898.2,1.95,1994.6,1994.9,1967.84,641460000.0,1.24,719.89,712.88,719.89,708.6,1600000000.0,1.6,2973.61,0.77,170.59,1
2020-05-26,1,2462500.0,81900.0,0.61,3040122,248000000000.0,59600000000000.0,728002365,1242.0,34.35,33.3,34.81,32.48,1.27,0.5,0.25,-0.5,1820.51,1.01,8842.5,-0.63,2029.78,2029.89,1997.94,1020000000.0,1.76,729.11,723.28,729.16,718.81,1550000000.0,1.28,2991.77,1.28,170.59,1
2020-05-27,1,2495000.0,81400.0,-0.61,2946278,241000000000.0,59300000000000.0,728002365,1237.1,32.81,34.14,34.32,31.75,-4.48,0.5,0.25,-0.5,1847.31,1.47,9199.1,4.03,2031.2,2043.44,2019.82,1180000000.0,0.07,724.59,728.26,730.41,722.04,1570000000.0,-0.62,3036.13,2.16,170.59,1
2020-05-28,1,2520000.0,83900.0,3.07,9227823,777000000000.0,61100000000000.0,728002365,1233.7,33.71,32.1,34.21,31.14,2.74,0.5,0.25,-0.5,1804.66,-2.31,9572.2,4.06,2028.54,2054.52,2003.75,1170000000.0,-0.13,708.75,728.76,728.8,695.3,2100000000.0,-2.19,3029.73,-0.61,170.59,1
2020-05-29,1,2535000.0,81500.0,-2.86,6815185,558000000000.0,59300000000000.0,728002365,1239.4,35.49,33.68,35.77,32.36,5.28,0.5,0.25,-0.5,1852.49,2.65,9424.8,-1.54,2029.6,2038.89,2006.62,1090000000.0,0.05,713.68,706.16,714.51,700.84,1470000000.0,0.7,3044.31,-0.14,170.59,1
2020-06-01,1,2560000.0,83600.0,2.58,4205357,350000000000.0,60900000000000.0,728002365,1237.6,35.44,35.21,35.9,34.27,-0.14,0.5,0.25,-0.5,1843.24,-0.5,10189.3,7.77,2065.08,2065.38,2035.63,997350000.0,1.75,735.72,716.96,735.72,716.83,1280000000.0,3.09,3055.73,-0.75,173.6,1
2020-06-02,1,2570000.0,83300.0,-0.36,3114162,259000000000.0,60600000000000.0,728002365,1227.8,36.81,35.56,37.06,35.28,3.87,0.5,0.25,-0.5,1883.41,2.18,9527.6,-6.49,2087.19,2089.43,2059.14,1000000000.0,1.07,743.58,737.67,743.7,735.06,1460000000.0,1.07,3080.82,1.49,173.6,1
2020-06-03,1,2725000.0,88700.0,6.48,11642239,1010000000000.0,64600000000000.0,728002365,1224.1,37.29,36.86,38.18,35.88,1.3,0.5,0.25,-0.5,1937.47,2.87,9667.2,1.47,2147.0,2156.55,2107.69,1150000000.0,2.87,737.66,749.49,750.14,734.63,1480000000.0,-0.8,3122.87,-1.43,173.6,1
2020-06-04,1,2730000.0,87700.0,-1.13,6678244,595000000000.0,63800000000000.0,728002365,1216.9,37.41,36.76,37.62,36.38,0.32,0.5,0.25,-0.5,1953.47,0.83,9794.4,1.32,2151.18,2191.0,2139.68,1390000000.0,0.19,742.37,742.87,744.36,733.91,1310000000.0,0.64,3112.35,-0.16,173.6,1
2020-06-05,1,2775000.0,90400.0,3.08,4000557,359000000000.0,65800000000000.0,728002365,1217.4,39.55,37.33,39.68,37.05,5.72,0.5,0.25,-0.5,2003.76,2.57,9631.2,-1.67,2181.87,2187.25,2138.18,854590000.0,1.43,749.31,743.65,749.75,739.52,1130000000.0,0.93,3193.93,0.25,173.6,1
2020-06-08,0,2745000.0,91000.0,0.66,3789382,346000000000.0,66200000000000.0,728002365,1213.1,38.19,39.41,40.44,37.96,-3.44,0.5,0.25,-0.5,1998.62,-0.26,9777.9,0.36,2184.29,2217.21,2174.96,854040000.0,0.11,753.04,754.12,754.32,747.37,1330000000.0,0.5,3232.39,1.54,173.6,0
2020-06-09,1,2775000.0,89800.0,-1.32,3410081,308000000000.0,65400000000000.0,728002365,1204.2,38.94,38.22,39.1,37.07,1.96,0.5,0.25,-0.5,1998.09,-0.03,9768.8,-0.09,2188.92,2212.17,2166.01,817080000.0,0.21,753.82,756.02,756.45,746.56,1530000000.0,0.1,3207.18,0.02,173.6,1
2020-06-10,0,2770000.0,90800.0,1.11,3045250,275000000000.0,66100000000000.0,728002365,1197.7,39.6,38.5,39.91,37.73,1.69,0.5,0.25,-0.5,2004.66,0.33,9878.8,1.13,2195.69,2200.68,2178.12,706290000.0,0.31,758.62,754.3,759.48,752.29,1580000000.0,0.64,3190.14,-1.62,173.6,0
2020-06-11,0,2715000.0,88500.0,-2.53,5467344,486000000000.0,64400000000000.0,728002365,1194.4,36.34,39.09,39.09,35.41,-8.23,0.5,0.25,-0.5,1876.66,-6.39,9283.2,-6.03,2176.78,2200.72,2148.51,827380000.0,-0.86,757.06,760.07,766.96,752.04,1450000000.0,-0.21,3002.1,-0.12,173.6,0
2020-06-12,0,2615000.0,85200.0,-3.73,4742329,404000000000.0,62000000000000.0,728002365,1192.8,36.26,36.26,36.99,34.48,-0.22,0.5,0.25,-0.5,1903.85,1.45,9466.6,1.97,2132.3,2137.12,2084.63,689900000.0,-2.04,746.06,722.91,747.37,722.81,1320000000.0,-1.45,3041.31,-1.18,173.6,0
2020-06-15,0,2495000.0,82000.0,-3.76,4710114,397000000000.0,59700000000000.0,728002365,1206.6,37.12,36.03,37.26,34.36,2.37,0.5,0.25,-0.5,1931.01,1.43,9425.4,0.86,2030.82,2129.67,2030.82,1070000000.0,-4.76,693.15,745.6,747.21,693.15,1470000000.0,-7.09,3066.59,-0.42,173.6,0
2020-06-16,1,2605000.0,85400.0,4.15,3518785,297000000000.0,62200000000000.0,728002365,1210.8,38.38,37.05,39.06,36.38,3.39,0.5,0.25,-0.5,1965.69,1.8,9523.5,1.04,2138.05,2138.08,2079.02,973640000.0,5.28,735.38,716.6,735.74,714.14,1320000000.0,6.09,3124.74,0.44,173.6,1
2020-06-17,1,2610000.0,86800.0,1.64,4160612,356000000000.0,63200000000000.0,728002365,1206.6,37.96,37.93,38.75,37.21,-1.09,0.5,0.25,-0.5,1984.08,0.94,9464.6,-0.62,2141.05,2154.37,2105.26,927520000.0,0.14,735.4,731.91,743.11,717.68,1410000000.0,0.0,3113.49,-0.81,173.6,1
2020-06-18,1,2615000.0,86200.0,-0.69,2484147,214000000000.0,62800000000000.0,728002365,1214.5,38.84,37.74,38.97,37.11,2.32,0.5,0.25,-0.5,1980.14,-0.2,9388.1,-0.81,2133.48,2145.13,2120.29,767180000.0,-0.35,737.33,738.11,743.12,732.92,1240000000.0,0.26,3115.34,-0.21,173.6,0
2020-06-19,1,2645000.0,85400.0,-0.93,3216102,274000000000.0,62200000000000.0,728002365,1213.0,39.75,38.85,40.49,38.4,2.34,0.5,0.25,-0.5,1966.79,-0.67,9314.0,-0.79,2141.32,2153.57,2108.91,1080000000.0,0.37,742.03,743.35,743.94,732.55,1530000000.0,0.64,3097.74,0.39,173.6,1
2020-06-22,0,2600000.0,84900.0,-0.59,2167216,184000000000.0,61800000000000.0,728002365,1212.0,40.46,39.18,40.7,39.12,1.79,0.5,0.25,-0.5,1983.36,0.84,9683.7,4.17,2126.73,2142.88,2122.1,789370000.0,-0.68,751.64,742.98,752.98,741.78,1340000000.0,1.3,3117.86,1.93,173.6,0
2020-06-23,0,2570000.0,84100.0,-0.94,2955819,251000000000.0,61200000000000.0,728002365,1213.2,40.37,40.68,41.63,39.76,-0.22,0.5,0.25,-0.5,1987.73,0.22,9624.6,-0.61,2131.24,2158.15,2110.51,917570000.0,0.21,753.23,758.61,761.37,744.26,1580000000.0,0.21,3131.29,0.37,173.6,1
2020-06-24,1,2645000.0,86000.0,2.26,4079834,352000000000.0,62600000000000.0,728002365,1210.1,38.01,39.99,40.54,37.31,-5.85,0.5,0.25,-0.5,1944.3,-2.18,9302.0,-3.35,2161.51,2171.86,2143.91,913900000.0,1.42,759.5,758.15,765.21,755.12,1330000000.0,0.83,3050.33,0.78,173.6,1
2020-06-25,0,2595000.0,84300.0,-1.98,3397112,288000000000.0,61400000000000.0,728002365,1202.9,38.72,38.05,39.23,37.08,1.87,0.5,0.25,-0.5,1961.05,0.86,9247.5,-0.59,2112.37,2143.33,2112.37,1020000000.0,-2.27,750.36,749.81,757.23,745.98,1360000000.0,-1.2,3083.76,0.09,173.6,0
2020-06-26,1,2665000.0,84600.0,0.36,2889494,246000000000.0,61600000000000.0,728002365,1205.2,38.49,39.09,39.35,37.79,-0.59,0.5,0.25,-0.5,1921.92,-2.0,9160.0,-0.95,2134.65,2142.04,2115.25,761040000.0,1.05,750.58,758.62,758.62,742.57,1520000000.0,0.03,3009.05,-0.04,173.6,1
2020-06-29,0,2620000.0,83600.0,-1.18,2932433,247000000000.0,60900000000000.0,728002365,1198.6,39.7,37.96,39.89,37.5,3.14,0.5,0.25,-0.5,1943.9,1.14,9185.4,0.67,2093.48,2120.5,2087.84,643160000.0,-1.93,734.69,743.88,747.3,732.86,1350000000.0,-2.12,3053.24,0.11,173.6,0
2020-06-30,1,2640000.0,85100.0,1.79,4983607,430000000000.0,62000000000000.0,728002365,1200.7,39.27,39.64,40.08,38.85,-1.08,0.5,0.25,-0.25,1996.44,2.7,9135.4,-0.54,2108.33,2134.38,2108.26,708600000.0,0.71,737.97,744.54,744.54,731.76,1640000000.0,0.45,3100.29,-0.27,173.6,1
2020-07-01,0,2630000.0,85300.0,0.24,2382552,205000000000.0,62100000000000.0,728002365,1198.5,39.82,39.84,40.58,39.05,1.4,0.5,0.25,-0.25,1966.98,-1.48,9229.9,1.03,2106.7,2133.55,2101.33,1120000000.0,-0.08,727.58,743.53,744.03,726.36,1180000000.0,-1.41,3115.86,0.0,164.17,1
2020-07-02,1,2645000.0,84400.0,-1.06,3295340,278000000000.0,61400000000000.0,728002365,1201.6,40.65,39.78,40.74,39.46,2.08,0.5,0.25,-0.25,1993.61,1.35,9085.1,-1.57,2135.37,2135.37,2113.98,1090000000.0,1.36,742.55,732.94,742.55,732.09,1160000000.0,2.06,3130.01,0.21,164.17,1
2020-07-03,1,2680000.0,85400.0,1.18,2195897,187000000000.0,62200000000000.0,728002365,1201.0,40.28,40.23,40.5,39.86,-0.91,0.5,0.25,-0.25,2020.21,2.01,9067.1,-0.2,2152.41,2153.54,2135.3,770050000.0,0.8,752.18,746.13,752.22,741.11,1290000000.0,1.3,3154.865,0.225,164.17,1
2020-07-06,1,2750000.0,86000.0,0.7,2561766,221000000000.0,62600000000000.0,728002365,1200.4,40.63,40.31,41.08,39.84,0.87,0.5,0.25,-0.25,2046.81,2.67,9339.0,2.84,2187.93,2191.28,2157.71,666900000.0,1.65,759.9,754.74,759.93,750.43,1140000000.0,1.03,3179.72,0.24,164.17,1
2020-07-07,0,2670000.0,84800.0,-1.4,3196352,273000000000.0,61700000000000.0,728002365,1196.8,40.62,40.68,40.95,39.9,-0.02,0.5,0.25,-0.25,2019.77,-1.32,9256.0,-0.89,2164.17,2206.79,2164.03,847430000.0,-1.09,759.16,763.4,764.46,755.44,1290000000.0,-0.1,3145.32,0.18,164.17,0
2020-07-08,0,2650000.0,83700.0,-1.3,3523620,296000000000.0,60900000000000.0,728002365,1192.9,40.9,40.48,41.08,40.3,0.69,0.5,0.25,-0.25,2049.76,1.48,9429.9,1.88,2158.88,2173.83,2150.89,677810000.0,-0.24,765.96,761.19,765.96,758.38,1310000000.0,0.9,3169.94,1.05,164.17,0
2020-07-09,0,2640000.0,83000.0,-0.84,4002365,334000000000.0,60400000000000.0,728002365,1195.8,39.62,40.87,40.99,39.27,-3.13,0.5,0.25,-0.25,2076.72,1.32,9235.7,-2.06,2167.9,2181.48,2166.74,619370000.0,0.42,772.9,770.46,774.5,769.31,1470000000.0,0.91,3152.05,-1.59,164.17,0
2020-07-10,0,2635000.0,82800.0,-0.24,2201557,182000000000.0,60300000000000.0,728002365,1194.5,40.55,39.58,40.77,38.54,2.35,0.5,0.25,-0.25,2069.79,-0.33,9285.1,0.53,2150.25,2171.52,2140.29,886990000.0,-0.81,772.81,773.75,775.99,766.51,1330000000.0,-0.01,3185.04,0.72,164.17,0
2020-07-13,1,2670000.0,83000.0,0.24,2080934,173000000000.0,60400000000000.0,728002365,1202.4,40.1,40.35,40.72,39.47,-1.11,0.5,0.25,-0.25,2034.14,-1.72,9243.6,-0.62,2186.06,2188.8,2163.07,650230000.0,1.67,781.19,777.92,781.19,773.08,1400000000.0,1.08,3155.22,0.2,164.17,1
2020-07-14,1,2690000.0,82900.0,-0.12,2048671,169000000000.0,60400000000000.0,728002365,1200.3,40.29,39.6,40.57,39.07,0.47,0.5,0.25,-0.25,2069.79,1.75,9253.4,0.11,2183.61,2183.61,2165.6,810950000.0,-0.11,778.39,776.19,782.7,775.29,1640000000.0,-0.36,3197.52,-0.36,164.17,1
2020-07-15,1,2735000.0,83000.0,0.12,3024429,252000000000.0,60400000000000.0,728002365,1206.4,41.2,40.55,41.26,40.08,2.26,0.5,0.25,-0.25,2064.17,-0.27,9198.7,-0.59,2201.88,2216.97,2190.66,830270000.0,0.84,781.29,783.14,783.29,775.96,1530000000.0,0.37,3226.56,0.71,164.17,1
2020-07-16,0,2690000.0,82700.0,-0.36,2312310,191000000000.0,60200000000000.0,728002365,1200.7,40.75,40.97,41.18,40.52,-1.09,0.5,0.25,-0.25,2055.92,-0.4,9135.3,-0.69,2183.76,2207.34,2177.82,784640000.0,-0.82,775.07,783.24,783.24,769.39,1630000000.0,-0.8,3215.57,0.38,164.17,0
2020-07-17,1,2720000.0,82900.0,0.24,1579078,131000000000.0,60400000000000.0,728002365,1204.1,40.59,40.72,40.9,40.02,-0.39,0.5,0.25,-0.25,2068.99,0.64,9155.8,0.22,2201.19,2204.2,2187.85,569300000.0,0.8,783.22,776.97,783.32,775.78,1370000000.0,1.05,3224.73,0.01,164.17,1
2020-07-20,0,2710000.0,82200.0,-0.84,2008624,165000000000.0,59800000000000.0,728002365,1205.7,40.81,40.64,40.91,39.83,0.54,0.5,0.25,-0.25,2110.47,2.0,9162.4,-0.5,2198.2,2209.59,2183.83,686820000.0,-0.14,781.96,786.25,786.29,776.97,1400000000.0,-0.16,3251.84,0.61,164.17,0
2020-07-21,1,2765000.0,84100.0,2.31,4181015,351000000000.0,61200000000000.0,728002365,1203.7,41.96,40.65,42.4,40.64,2.82,0.5,0.25,-0.25,2096.59,-0.66,9387.3,2.46,2228.83,2234.86,2214.28,918480000.0,1.39,790.58,787.3,792.2,785.75,1500000000.0,1.1,3257.3,-0.16,164.17,1
2020-07-22,0,2735000.0,83200.0,-1.07,2876295,240000000000.0,60600000000000.0,728002365,1198.1,41.9,41.54,42.03,41.14,-0.14,0.5,0.25,-0.25,2105.43,0.42,9513.7,1.35,2228.66,2238.86,2221.62,856220000.0,-0.01,794.99,790.58,795.32,785.97,1480000000.0,0.56,3276.02,-0.07,164.17,0
2020-07-23,0,2705000.0,82400.0,-0.96,3591647,298000000000.0,60000000000000.0,728002365,1193.7,41.07,41.95,42.36,40.83,-1.98,0.5,0.25,-0.25,2070.97,-1.64,9599.6,0.9,2216.19,2227.24,2202.99,934540000.0,-0.56,801.69,796.46,803.07,792.27,1380000000.0,0.84,3235.66,2.09,164.17,0
2020-07-24,1,2710000.0,83700.0,1.58,3667416,304000000000.0,60900000000000.0,728002365,1198.5,41.29,41.06,41.67,40.66,0.54,0.5,0.25,-0.25,2038.71,-1.56,9546.4,-0.55,2200.44,2219.57,2195.49,1000000000.0,-0.71,794.8,796.08,804.61,788.72,1460000000.0,-0.86,3215.63,-0.8,164.17,1
2020-07-27,1,2780000.0,82800.0,-1.08,2784652,232000000000.0,60300000000000.0,728002365,1201.3,41.6,41.26,41.82,40.48,0.75,0.5,0.25,-0.25,2104.62,3.23,11022.8,10.98,2217.86,2231.25,2203.48,928620000.0,0.79,801.23,795.19,804.58,795.19,1290000000.0,0.81,3239.41,0.44,164.17,1
2020-07-28,1,2930000.0,83100.0,0.36,4538720,378000000000.0,60500000000000.0,728002365,1196.6,41.04,41.65,41.93,40.85,-1.35,0.5,0.25,-0.25,2060.4,-2.1,10908.5,-1.04,2256.99,2266.0,2237.21,866720000.0,1.76,807.85,807.29,810.97,802.04,1550000000.0,0.83,3218.44,-0.31,164.17,1
2020-07-29,1,2950000.0,83200.0,0.12,3719681,310000000000.0,60600000000000.0,728002365,1195.1,41.27,41.13,41.57,40.93,0.56,0.5,0.25,-0.25,2106.3,2.23,11105.9,1.81,2263.16,2276.79,2252.24,899490000.0,0.27,808.59,807.71,809.77,804.29,1180000000.0,0.09,3258.44,-0.26,164.17,1
2020-07-30,0,2950000.0,85300.0,2.52,6870841,581000000000.0,62100000000000.0,728002365,1195.2,39.92,41.32,41.39,38.72,-3.27,0.5,0.25,-0.25,2147.55,1.96,11096.2,-0.09,2267.01,2281.33,2263.81,713040000.0,0.17,814.19,812.83,814.41,808.02,1300000000.0,0.69,3246.22,0.49,164.17,0
2020-07-31,0,2895000.0,82800.0,-2.93,4848989,406000000000.0,60300000000000.0,728002365,1191.4,40.27,40.34,40.55,39.66,0.88,0.5,0.25,-0.25,2136.41,-0.52,11333.4,2.14,2249.37,2281.41,2248.49,739690000.0,-0.78,815.3,817.52,818.7,814.23,1360000000.0,0.14,3271.12,-0.57,164.17,0
2020-08-03,0,2840000.0,81800.0,-1.21,3483106,285000000000.0,59600000000000.0,728002365,1189.1,41.01,40.39,41.24,39.58,1.84,0.5,0.25,-0.25,2177.27,1.91,11224.4,1.42,2251.04,2254.38,2237.04,648460000.0,0.07,827.57,820.41,827.79,815.15,1520000000.0,1.5,3294.61,2.12,173.84,0
2020-08-04,1,2865000.0,81600.0,-0.24,3005937,246000000000.0,59400000000000.0,728002365,1193.7,41.7,40.78,42.08,40.14,1.68,0.5,0.25,-0.25,2209.81,1.49,11184.7,-0.35,2279.97,2284.66,2269.69,722910000.0,1.29,835.35,833.28,835.35,830.55,1510000000.0,0.94,3306.51,-0.83,173.84,1
2020-08-05,0,2845000.0,80700.0,-1.1,4537005,366000000000.0,58700000000000.0,728002365,1193.5,42.19,41.56,43.52,41.47,1.18,0.5,0.25,-0.25,2207.56,-0.1,11735.1,4.92,2311.86,2312.14,2283.95,841300000.0,1.4,847.28,837.19,847.38,837.11,1520000000.0,1.43,3327.77,-0.48,173.84,1
2020-08-06,1,2900000.0,81100.0,0.5,3391939,275000000000.0,59000000000000.0,728002365,1190.3,41.95,42.19,42.65,41.61,-0.57,0.5,0.25,-0.25,2204.94,-0.12,11757.1,0.19,2342.61,2352.48,2322.64,797150000.0,1.33,854.12,854.02,855.73,847.9,1500000000.0,0.81,3349.16,-0.26,173.84,1
2020-08-07,0,2875000.0,80600.0,-0.62,4946631,397000000000.0,58700000000000.0,728002365,1184.3,41.22,41.97,42.22,41.06,-1.74,0.5,0.25,-0.25,2178.86,-1.18,11592.0,-1.4,2351.67,2362.24,2333.62,812590000.0,0.39,857.63,858.3,859.43,849.01,1400000000.0,0.41,3351.28,1.52,173.84,0
2020-08-10,1,2890000.0,81400.0,0.99,3277238,265000000000.0,59300000000000.0,728002365,1185.9,41.94,41.5,42.33,41.17,1.75,0.5,0.25,-0.25,2179.6,0.03,11889.2,1.78,2386.38,2390.51,2349.33,784620000.0,1.48,862.76,859.53,863.8,854.48,1460000000.0,0.6,3360.47,0.08,173.84,1
2020-08-11,1,2910000.0,81300.0,-0.12,3234013,264000000000.0,59200000000000.0,728002365,1186.7,41.61,41.98,42.94,41.48,-0.79,0.5,0.25,-0.25,2154.79,-1.14,11390.4,-4.19,2418.67,2429.36,2396.11,843440000.0,1.35,860.23,863.07,863.72,858.0,1530000000.0,-0.29,3333.69,-0.04,173.84,1
2020-08-12,1,2950000.0,81000.0,-0.37,3595828,290000000000.0,59000000000000.0,728002365,1184.9,42.67,41.62,42.9,41.53,2.55,0.5,0.25,-0.25,2227.22,3.36,11557.2,1.46,2432.35,2432.35,2393.27,763730000.0,0.57,845.6,858.88,858.88,836.58,1670000000.0,-1.7,3380.35,0.35,173.84,1
2020-08-13,0,2935000.0,80700.0,-0.37,4049387,328000000000.0,58700000000000.0,728002365,1186.0,42.24,42.57,42.84,42.09,-1.01,0.5,0.25,-0.25,2202.41,-1.11,11770.9,1.85,2437.53,2458.17,2412.49,907220000.0,0.21,854.77,854.82,862.98,852.15,1810000000.0,1.08,3373.43,-0.07,173.84,0
2020-08-14,0,2900000.0,80200.0,-0.62,2589552,208000000000.0,58400000000000.0,728002365,1183.6,42.01,42.33,42.57,41.62,-0.54,0.5,0.25,-0.25,2200.81,-0.07,11750.8,-0.17,2407.49,2435.0,2383.69,968120000.0,-1.23,835.03,854.71,854.71,831.15,1730000000.0,-2.31,3372.85,1.11,173.84,0
2020-08-18,1,2920000.0,78100.0,-2.62,4946279,392000000000.0,56900000000000.0,728002365,1185.8,42.89,42.79,42.99,42.11,0.0,0.5,0.25,-0.25,2214.66,-0.58,11947.6,-2.73,2348.24,2419.65,2336.78,909750000.0,-2.46,800.22,834.55,834.55,794.91,1900000000.0,-4.17,3389.78,0.48,173.84,0
2020-08-19,0,2890000.0,75000.0,-3.97,8028305,610000000000.0,54600000000000.0,728002365,1185.1,42.93,42.6,43.03,42.36,0.09,0.5,0.25,-0.25,2200.77,-0.63,11750.2,-1.65,2360.54,2380.1,2353.17,637960000.0,0.52,818.74,810.86,818.74,805.52,1600000000.0,2.31,3374.85,0.64,173.84,0
2020-08-20,0,2770000.0,71800.0,-4.27,7260223,525000000000.0,52300000000000.0,728002365,1182.3,42.58,42.74,42.79,41.5,-0.82,0.5,0.25,-0.25,2181.04,-0.9,11856.9,0.91,2274.22,2357.08,2270.85,903740000.0,-3.66,791.14,816.63,821.11,785.0,1810000000.0,-3.37,3385.51,-1.15,173.84,0
2020-08-21,1,2795000.0,74500.0,3.76,7700029,574000000000.0,54200000000000.0,728002365,1186.3,42.34,42.75,42.96,41.46,-0.56,0.5,0.25,-0.25,2198.33,0.79,11529.2,-2.76,2304.59,2329.34,2280.97,865730000.0,1.34,796.01,801.14,802.7,781.41,1660000000.0,0.62,3397.16,1.32,173.84,1
2020-08-24,1,2805000.0,75500.0,1.34,4298619,327000000000.0,55000000000000.0,728002365,1185.3,42.62,42.48,42.89,42.23,0.66,0.5,0.25,-0.25,2219.37,0.96,11753.5,0.96,2329.83,2332.33,2283.48,649280000.0,1.1,815.74,798.2,815.74,787.93,1520000000.0,2.48,3431.28,0.91,173.84,1
2020-08-25,1,2820000.0,77000.0,1.99,3473488,266000000000.0,56100000000000.0,728002365,1190.0,43.35,42.36,43.57,42.31,1.71,0.5,0.25,-0.25,2243.06,1.07,11324.8,-3.65,2366.73,2369.78,2340.97,771580000.0,1.58,836.31,821.53,836.41,820.02,1610000000.0,2.52,3443.62,2.95,173.84,1
2020-08-26,0,2820000.0,78800.0,2.34,4741965,372000000000.0,57400000000000.0,728002365,1186.3,43.39,43.39,43.78,43.0,0.09,0.5,0.25,-0.25,2250.23,0.32,11462.3,1.21,2369.32,2374.68,2336.98,956480000.0,0.11,841.35,838.86,842.48,827.27,2150000000.0,0.6,3478.73,0.04,173.84,0
2020-08-27,0,2780000.0,79100.0,0.38,4223450,336000000000.0,57600000000000.0,728002365,1187.0,43.04,43.45,43.5,42.36,-0.81,0.5,0.25,-0.25,2220.15,-1.34,11327.4,-1.18,2344.45,2373.36,2344.38,913920000.0,-1.05,836.4,842.38,842.83,832.74,2950000000.0,-0.59,3484.55,-1.47,173.84,0
2020-08-28,0,2770000.0,77800.0,-1.64,2511956,196000000000.0,56600000000000.0,728002365,1185.7,42.97,42.98,43.42,42.69,-0.16,0.5,0.25,-0.25,2264.14,1.98,11527.4,1.77,2353.8,2379.26,2345.28,1300000000.0,0.4,841.3,841.76,850.38,837.86,2110000000.0,0.59,3508.01,1.66,173.84,0
2020-08-31,0,2700000.0,75100.0,-3.47,5113128,389000000000.0,54700000000000.0,728002365,1185.1,42.61,42.91,43.57,42.56,-0.84,0.5,0.25,-0.25,2260.43,-0.16,11644.2,-0.49,2326.17,2381.5,2326.06,1650000000.0,-1.17,848.24,847.97,852.54,839.63,1890000000.0,0.82,3500.31,-0.77,173.84,0
2020-09-01,1,2710000.0,75200.0,0.13,2538676,192000000000.0,54700000000000.0,728002365,1183.3,42.76,42.83,43.43,42.72,0.35,0.5,0.25,-0.25,2304.68,1.96,11914.9,2.32,2349.55,2355.9,2331.23,1090000000.0,1.01,853.37,850.58,854.22,847.53,1840000000.0,0.6,3526.65,0.33,196.29,1
2020-09-02,1,2720000.0,75500.0,0.4,2369360,179000000000.0,55000000000000.0,728002365,1184.6,41.51,43.02,43.21,41.23,-2.92,0.5,0.25,-0.25,2370.18,2.84,11413.3,-4.21,2364.37,2369.57,2341.29,1430000000.0,0.63,866.74,859.58,866.87,858.23,1840000000.0,1.57,3580.84,-1.45,196.29,1
2020-09-03,1,2820000.0,78700.0,4.24,7002529,551000000000.0,57300000000000.0,728002365,1186.2,41.37,41.63,41.79,40.22,-0.34,0.5,0.25,-0.25,2234.23,-5.74,10168.8,-10.9,2395.9,2401.78,2382.23,981550000.0,1.33,874.13,871.02,874.16,869.84,1760000000.0,0.85,3455.06,-0.4,196.29,1
2020-09-04,0,2780000.0,78700.0,0.0,4582566,358000000000.0,57300000000000.0,728002365,1187.5,39.77,41.25,41.87,39.35,-3.87,0.5,0.25,-0.25,2212.73,-0.96,10472.5,2.99,2368.25,2371.02,2332.68,1350000000.0,-1.15,866.04,841.37,866.9,841.37,1730000000.0,-0.93,3426.96,-0.37,196.29,0
2020-09-07,1,2825000.0,78400.0,-0.38,2786930,218000000000.0,57100000000000.0,728002365,1190.2,39.2,38.77,39.53,38.77,1.16,0.5,0.25,-0.25,2160.67,-2.84,10376.9,0.78,2384.22,2387.49,2362.42,1200000000.0,0.67,878.88,872.03,879.36,864.39,1880000000.0,1.48,3379.4,-1.03,196.29,1
2020-09-08,1,2935000.0,79400.0,1.28,3380355,268000000000.0,57800000000000.0,728002365,1187.2,36.76,39.48,39.59,36.13,-6.22,0.5,0.25,-0.25,2108.61,-4.71,10126.6,-2.41,2401.91,2407.56,2391.43,979360000.0,0.74,878.29,884.72,887.01,874.31,2520000000.0,-0.07,3331.84,-1.69,196.29,1
2020-09-09,0,2920000.0,77300.0,-2.64,3918435,305000000000.0,56300000000000.0,728002365,1187.9,38.05,36.79,38.45,36.16,3.51,0.5,0.25,-0.25,2169.61,2.89,10224.6,0.97,2375.81,2388.85,2369.12,946250000.0,-1.09,869.47,864.91,877.67,864.17,2370000000.0,-1.0,3398.96,0.15,196.29,0
2020-09-10,1,2960000.0,76600.0,-0.91,3541520,273000000000.0,55800000000000.0,728002365,1189.6,37.3,37.8,38.18,36.93,-1.97,0.5,0.25,-0.25,2137.78,-1.47,10339.7,1.13,2396.48,2406.68,2388.56,1060000000.0,0.87,884.3,881.12,884.3,874.77,1990000000.0,1.71,3339.19,1.22,196.29,1
2020-09-11,0,2950000.0,78400.0,2.35,2831262,220000000000.0,57100000000000.0,728002365,1185.3,37.33,37.01,37.82,36.67,0.08,0.5,0.25,-0.25,2136.37,-0.07,10390.2,0.49,2396.69,2397.56,2374.0,882880000.0,0.01,888.44,881.23,888.44,877.58,1990000000.0,0.47,3340.97,0.01,196.29,0
2020-09-14,1,3020000.0,80000.0,2.04,4099644,327000000000.0,58200000000000.0,728002365,1188.3,37.26,37.32,37.68,36.82,-0.19,0.5,0.25,-0.25,2181.75,2.12,10675.3,3.38,2427.91,2429.07,2410.79,963080000.0,1.3,894.17,894.38,894.8,886.48,1700000000.0,0.64,3383.54,-0.4,196.29,1
2020-09-15,1,3050000.0,81900.0,2.38,5899410,481000000000.0,59600000000000.0,728002365,1184.2,38.28,37.28,38.57,37.06,2.74,0.5,0.25,-0.25,2219.19,1.72,10785.3,1.03,2443.58,2444.57,2423.79,849970000.0,0.65,899.46,898.63,899.64,893.24,2100000000.0,0.59,3401.2,-0.54,196.29,1
2020-09-16,0,3050000.0,81500.0,-0.49,3119110,254000000000.0,59300000000000.0,728002365,1180.5,40.16,38.35,40.34,38.35,4.91,0.5,0.25,-0.25,2195.54,-1.07,10949.5,1.52,2435.92,2450.53,2429.94,772940000.0,-0.31,896.28,901.75,905.56,891.99,2410000000.0,-0.35,3385.49,-2.82,196.29,0
2020-09-17,0,2975000.0,82200.0,0.86,4055050,333000000000.0,59800000000000.0,728002365,1177.8,40.97,40.19,41.22,39.42,2.02,0.5,0.25,-0.25,2194.15,-0.06,10941.3,-0.07,2406.17,2437.02,2398.69,853740000.0,-1.22,885.18,897.88,898.43,883.5,2290000000.0,-1.24,3357.01,-0.6,196.29,0
2020-09-18,0,2965000.0,83700.0,1.82,5199334,433000000000.0,60900000000000.0,728002365,1175.4,41.11,40.97,41.49,40.3,0.34,0.5,0.25,-0.25,2160.97,-1.51,10933.0,-0.08,2412.4,2417.81,2396.33,756520000.0,0.26,888.88,889.47,892.39,878.78,1770000000.0,0.42,3319.47,0.55,196.29,0
2020-09-21,0,2960000.0,84500.0,0.96,4102947,347000000000.0,61500000000000.0,728002365,1163.6,39.31,40.98,41.27,38.66,-4.38,0.5,0.25,-0.25,2154.28,-0.31,10416.8,-4.62,2389.39,2427.17,2379.38,1040000000.0,-0.95,866.99,889.94,892.34,859.4,1970000000.0,-2.46,3281.06,-0.37,196.29,0
2020-09-22,0,2910000.0,81300.0,-3.79,4139983,340000000000.0,59200000000000.0,728002365,1160.6,39.6,39.63,40.02,39.0,0.74,0.5,0.25,-0.25,2180.26,1.21,10531.5,1.1,2332.59,2388.49,2323.58,1050000000.0,-2.38,842.72,867.72,867.89,838.13,1970000000.0,-2.8,3315.57,-0.13,196.29,0
2020-09-23,1,2930000.0,83600.0,2.83,4439085,367000000000.0,60900000000000.0,728002365,1163.9,39.93,39.76,40.75,39.26,0.83,0.5,0.25,-0.25,2126.69,-2.46,10237.3,-2.79,2333.24,2354.46,2287.44,735040000.0,0.03,843.45,855.57,856.14,821.89,2250000000.0,0.09,3236.92,0.61,196.29,1
2020-09-24,0,2890000.0,84300.0,0.84,6401560,542000000000.0,61400000000000.0,728002365,1164.4,40.31,39.6,40.37,39.12,0.95,0.5,0.25,-0.25,2147.42,0.97,10739.4,4.9,2272.7,2309.74,2268.88,714880000.0,-2.59,806.95,825.74,833.04,804.28,2200000000.0,-4.33,3246.59,-0.48,196.29,0
2020-09-25,1,2895000.0,82900.0,-1.66,3205596,269000000000.0,60400000000000.0,728002365,1170.3,40.25,40.15,40.64,39.71,-0.15,0.5,0.25,-0.25,2177.84,1.42,10688.8,-0.47,2278.79,2296.36,2267.63,697960000.0,0.27,808.28,817.95,820.74,799.53,2210000000.0,0.16,3298.46,2.2,196.29,1
2020-09-28,1,2910000.0,82500.0,-0.48,3154068,260000000000.0,60100000000000.0,728002365,1170.5,40.6,40.07,40.8,39.78,0.87,0.5,0.25,-0.25,2237.64,2.75,10693.2,-0.77,2308.08,2314.81,2291.32,605980000.0,1.29,835.91,820.72,836.15,819.86,1940000000.0,3.42,3351.6,0.01,196.29,1
2020-09-29,0,2910000.0,84000.0,1.82,4707898,396000000000.0,61200000000000.0,728002365,1173.5,39.29,40.58,40.7,38.41,-3.23,0.5,0.25,-0.25,2242.52,0.22,10840.9,1.38,2327.89,2339.83,2320.04,646220000.0,0.86,848.15,844.69,848.59,839.68,2080000000.0,1.46,3335.47,-0.42,196.29,1
2020-10-05,1,2935000.0,83200.0,-0.95,3396894,283000000000.0,60600000000000.0,728002365,1169.5,39.22,37.0,39.72,37.0,5.86,0.5,0.25,-0.25,2295.56,3.35,10789.5,1.09,2358.0,2364.73,2327.83,763620000.0,1.29,858.39,848.67,858.82,843.06,1680000000.0,1.21,3408.63,0.82,175.65,1
2020-10-06,1,2950000.0,83000.0,-0.24,2750145,229000000000.0,60400000000000.0,728002365,1163.4,40.67,39.35,40.86,39.1,3.7,0.5,0.25,-0.25,2281.09,-0.63,10602.6,-1.73,2365.9,2378.28,2355.39,861750000.0,0.34,862.58,863.74,866.67,855.65,1980000000.0,0.49,3360.95,2.25,175.65,1
2020-10-07,1,2995000.0,83400.0,0.48,2254356,187000000000.0,60700000000000.0,728002365,1160.0,39.95,39.83,40.35,39.28,-1.77,0.5,0.25,-0.25,2328.84,2.09,10670.9,0.64,2386.94,2387.45,2347.82,737990000.0,0.89,869.66,856.7,869.69,856.66,2010000000.0,0.82,3419.45,-1.28,175.65,1
2020-10-08,0,2985000.0,82900.0,-0.6,3330824,277000000000.0,60400000000000.0,728002365,1162.5,41.19,39.99,41.33,39.76,3.1,0.5,0.25,-0.25,2356.16,1.17,10924.1,2.37,2391.96,2409.01,2383.82,961730000.0,0.21,871.62,875.12,875.59,867.63,1990000000.0,0.23,3446.83,1.14,175.65,0
2020-10-12,1,3020000.0,85500.0,3.14,4464264,379000000000.0,62200000000000.0,728002365,1156.2,39.43,40.4,40.45,39.04,-2.88,0.5,0.25,-0.25,2433.48,1.48,11533.9,1.43,2403.73,2409.42,2393.74,843570000.0,0.49,873.5,875.25,875.25,868.01,2010000000.0,0.22,3534.22,-2.88,175.65,1
2020-10-13,1,3045000.0,88200.0,3.16,6375448,553000000000.0,64200000000000.0,728002365,1148.3,40.2,39.53,40.53,39.35,1.95,0.5,0.25,-0.25,2430.13,-0.14,11423.8,-0.95,2403.15,2418.89,2385.87,724920000.0,-0.02,871.92,878.15,878.15,865.95,2280000000.0,-0.18,3511.93,0.12,175.65,1
2020-10-14,0,3045000.0,86500.0,-1.93,3223767,282000000000.0,63000000000000.0,728002365,1149.5,41.04,40.19,41.16,39.82,2.09,0.5,0.25,-0.25,2417.2,-0.53,11420.4,-0.03,2380.48,2405.56,2375.54,901180000.0,-0.94,861.48,873.04,875.02,859.88,2370000000.0,-1.2,3488.67,-0.02,175.65,0
2020-10-15,0,3000000.0,87100.0,0.69,2802900,243000000000.0,63400000000000.0,728002365,1145.7,40.96,41.13,41.29,39.22,-0.19,0.5,0.25,-0.25,2411.13,-0.25,11503.0,0.72,2361.21,2376.73,2348.74,1170000000.0,-0.81,844.44,861.37,861.37,833.55,2240000000.0,-1.98,3483.34,1.54,175.65,0
2020-10-16,0,2975000.0,85300.0,-2.07,2435541,210000000000.0,62100000000000.0,728002365,1144.6,40.88,40.88,41.05,40.08,-0.2,0.5,0.25,-0.25,2399.76,-0.47,11322.0,-1.57,2341.53,2370.73,2325.03,920200000.0,-0.83,833.84,845.63,849.2,822.58,2280000000.0,-1.26,3483.81,0.07,175.65,0
2020-10-19,1,3000000.0,86700.0,1.64,3150011,275000000000.0,63100000000000.0,728002365,1145.6,40.83,40.69,41.22,40.54,-0.12,0.5,0.25,-0.25,2385.85,-0.58,11753.4,2.14,2346.74,2364.25,2344.77,931640000.0,0.22,822.25,836.83,838.63,821.5,1700000000.0,-1.39,3426.92,0.72,175.65,1
2020-10-20,1,3045000.0,85200.0,-1.73,6622637,568000000000.0,62000000000000.0,728002365,1142.2,41.46,40.65,41.7,40.25,1.54,0.5,0.25,-0.25,2385.82,0.0,11913.5,1.36,2358.41,2358.41,2322.06,874290000.0,0.5,824.65,816.16,825.96,803.24,1660000000.0,0.29,3443.12,0.94,175.65,1
2020-10-21,0,3045000.0,83800.0,-1.64,4925877,414000000000.0,61000000000000.0,728002365,1139.7,40.03,41.22,41.59,39.78,-3.45,0.5,0.25,-0.25,2367.26,-0.78,12808.7,7.51,2370.86,2371.74,2356.32,812840000.0,0.53,830.67,827.35,830.95,819.66,1490000000.0,0.73,3435.56,3.13,175.65,0
2020-10-22,0,3005000.0,83300.0,-0.6,2593975,216000000000.0,60600000000000.0,728002365,1133.7,40.64,40.04,41.02,39.71,1.52,0.5,0.25,-0.25,2370.45,0.13,12974.6,1.3,2355.05,2360.22,2339.73,815610000.0,-0.67,812.7,826.71,826.71,812.7,1730000000.0,-2.16,3453.49,0.54,175.65,0
2020-10-23,1,3010000.0,83900.0,0.72,2609595,219000000000.0,61100000000000.0,728002365,1134.1,39.85,40.61,40.92,39.57,-1.94,0.5,0.25,-0.25,2360.23,-0.43,12934.1,-0.31,2360.81,2368.57,2344.49,890380000.0,0.24,807.98,817.7,817.7,804.75,1610000000.0,-0.58,3465.39,-0.47,175.65,1
2020-10-26,1,3020000.0,83200.0,-0.83,1662847,139000000000.0,60600000000000.0,728002365,1134.6,38.56,39.69,39.74,38.28,-3.24,0.5,0.25,-0.25,2308.45,-2.19,13061.6,0.23,2343.91,2374.5,2342.58,822270000.0,-0.72,778.02,808.06,808.06,776.7,1630000000.0,-3.71,3400.97,-0.32,175.65,1
2020-10-27,0,2990000.0,82600.0,-0.72,2265817,187000000000.0,60100000000000.0,728002365,1129.1,39.57,38.59,39.83,38.51,2.62,0.5,0.25,-0.25,2300.91,-0.33,13657.8,4.56,2330.84,2349.33,2321.23,666940000.0,-0.56,783.73,771.84,794.04,766.96,2060000000.0,0.73,3390.68,-1.01,175.65,0
2020-10-28,0,2950000.0,82900.0,0.36,1773556,147000000000.0,60400000000000.0,728002365,1127.6,37.39,38.97,39.01,36.97,-5.51,0.5,0.25,-0.25,2222.98,-3.39,13278.9,-2.77,2345.26,2345.46,2316.47,705770000.0,0.62,806.2,784.88,806.2,784.88,2050000000.0,2.87,3271.03,-3.1,175.65,0
2020-10-29,0,2905000.0,81700.0,-1.45,2637314,215000000000.0,59500000000000.0,728002365,1129.3,36.17,37.39,37.76,34.92,-3.26,0.5,0.25,-0.25,2283.65,2.73,13457.2,1.34,2326.67,2330.17,2299.91,509770000.0,-0.79,813.93,791.02,814.16,791.02,1940000000.0,0.96,3310.11,-0.2,175.65,0
2020-10-30,0,2830000.0,79900.0,-2.2,2710477,219000000000.0,58200000000000.0,728002365,1133.4,35.79,36.07,36.6,35.21,-1.05,0.5,0.25,-0.25,2246.15,-1.64,13559.9,0.76,2267.15,2320.2,2266.93,795590000.0,-2.56,792.65,814.16,814.59,791.3,1880000000.0,-2.61,3269.96,0.29,175.65,0
2020-11-02,1,2870000.0,79600.0,-0.38,2000394,160000000000.0,57900000000000.0,728002365,1130.4,36.81,35.24,37.15,33.64,2.85,0.5,0.25,-0.25,2260.07,0.62,13561.4,-1.44,2300.16,2302.64,2267.95,678500000.0,1.46,802.95,796.46,805.92,789.85,1540000000.0,1.3,3310.24,-1.68,174.85,1
2020-11-03,1,2940000.0,81400.0,2.26,2057723,166000000000.0,59300000000000.0,728002365,1134.7,37.66,37.03,38.32,36.57,2.31,0.5,0.25,-0.25,2302.73,1.89,14019.9,3.38,2343.31,2344.77,2315.3,887440000.0,1.88,818.46,810.01,821.28,810.01,1670000000.0,1.93,3369.16,-0.3,174.85,1
2020-11-04,0,2925000.0,83200.0,2.21,3782296,313000000000.0,60600000000000.0,728002365,1134.6,39.15,38.15,39.25,37.26,3.96,0.5,0.25,-0.25,2384.22,3.54,14145.6,0.9,2357.32,2371.14,2339.95,986790000.0,0.6,826.97,826.04,828.89,814.76,1800000000.0,1.04,3443.44,-1.61,174.85,1
2020-11-05,1,3015000.0,86100.0,3.49,4082325,349000000000.0,62700000000000.0,728002365,1136.5,38.79,39.17,39.35,38.27,-0.92,0.5,0.25,-0.25,2489.16,4.4,15587.1,10.19,2413.79,2413.79,2370.85,702040000.0,2.4,844.8,833.37,845.81,831.78,1660000000.0,2.16,3510.45,-0.39,174.85,1
2020-11-06,0,3005000.0,86300.0,0.23,2863808,248000000000.0,62800000000000.0,728002365,1130.9,37.14,38.54,38.61,37.06,-4.25,0.5,0.25,-0.25,2529.27,1.61,15577.9,-0.06,2416.5,2431.11,2404.97,825570000.0,0.11,836.78,849.18,849.39,832.27,1920000000.0,-0.95,3509.44,0.13,174.85,0
2020-11-09,1,3010000.0,86000.0,-0.35,2444330,211000000000.0,62600000000000.0,728002365,1124.4,40.29,37.34,41.33,37.16,8.48,0.5,0.25,-0.25,2497.59,-1.25,15327.2,-1.01,2447.2,2459.15,2434.52,1350000000.0,1.27,851.21,845.81,851.21,845.17,1740000000.0,1.72,3550.5,0.13,174.85,1
2020-11-10,0,3010000.0,86500.0,0.58,2849783,246000000000.0,63000000000000.0,728002365,1115.6,41.36,39.91,41.84,39.41,2.66,0.5,0.25,-0.25,2422.33,-3.01,15303.6,-0.15,2452.83,2457.94,2435.59,1460000000.0,0.23,840.79,844.22,844.22,835.27,1820000000.0,-1.22,3545.53,-0.06,174.85,0
2020-11-11,1,3065000.0,87000.0,0.58,2638617,229000000000.0,63300000000000.0,728002365,1115.9,41.45,41.79,43.06,41.32,0.22,0.5,0.25,-0.25,2511.24,3.67,15695.8,2.56,2485.87,2488.04,2459.5,1270000000.0,1.35,839.9,840.89,842.76,829.53,2280000000.0,-0.11,3572.66,2.35,174.85,1
2020-11-12,0,3050000.0,88100.0,1.26,4006433,352000000000.0,64100000000000.0,728002365,1112.4,41.12,41.47,42.19,40.87,-0.8,0.5,0.25,-0.25,2478.43,-1.31,16294.7,3.82,2475.62,2488.79,2467.04,1280000000.0,-0.41,840.08,844.64,846.87,835.95,2070000000.0,0.02,3537.01,-0.18,174.85,0
2020-11-13,1,3160000.0,89700.0,1.82,3774278,337000000000.0,65300000000000.0,728002365,1113.2,40.13,40.94,40.94,40.06,-2.41,0.5,0.25,-0.25,2508.82,1.23,16324.2,0.18,2493.87,2495.77,2460.96,1070000000.0,0.74,839.14,837.28,839.54,826.17,1880000000.0,-0.11,3585.15,0.44,174.85,1
2020-11-16,1,3315000.0,98000.0,9.25,9274278,885000000000.0,71300000000000.0,728002365,1115.1,41.34,40.17,42.09,40.15,3.02,0.5,0.25,-0.25,2570.98,2.48,16715.8,4.78,2543.03,2546.37,2507.46,1240000000.0,1.97,847.33,843.49,849.8,841.6,1620000000.0,0.98,3626.91,2.95,174.85,1
2020-11-17,0,3285000.0,98100.0,0.1,5218295,513000000000.0,71400000000000.0,728002365,1108.0,41.43,41.44,41.69,40.57,0.22,0.5,0.25,-0.25,2548.96,-0.86,17662.3,5.66,2539.15,2556.09,2533.34,1270000000.0,-0.15,839.47,846.55,846.55,836.0,1790000000.0,-0.93,3609.53,-0.59,174.85,0
2020-11-18,0,3240000.0,98000.0,-0.1,3734037,367000000000.0,71300000000000.0,728002365,1106.8,41.82,41.35,42.46,41.08,0.94,0.5,0.25,-0.25,2530.59,-0.72,17774.6,0.64,2545.64,2553.95,2536.78,923500000.0,0.26,851.74,842.55,852.27,840.43,2330000000.0,1.46,3567.79,1.1,174.85,0
2020-11-19,0,3230000.0,98200.0,0.2,2766688,269000000000.0,71500000000000.0,728002365,1105.9,41.74,41.61,41.98,41.08,-0.19,0.5,0.25,-0.25,2570.22,1.57,17803.5,0.16,2547.42,2548.95,2529.53,976480000.0,0.07,859.94,851.68,860.99,849.72,2250000000.0,0.96,3581.87,-1.35,174.85,0
2020-11-20,1,3235000.0,96800.0,-1.43,2424003,236000000000.0,70500000000000.0,728002365,1112.2,42.15,41.7,42.32,41.51,0.98,0.5,0.25,-0.25,2555.5,-0.57,18675.2,4.9,2553.5,2558.21,2539.79,1130000000.0,0.24,870.18,863.07,870.78,861.29,2150000000.0,1.19,3557.54,-3.44,174.85,0
2020-11-23,1,3375000.0,100000.0,3.31,4149013,414000000000.0,72800000000000.0,728002365,1114.2,43.06,42.46,43.36,42.29,2.16,0.5,0.25,-0.25,2595.25,1.56,18379.6,-0.18,2602.59,2605.58,2553.7,1650000000.0,1.92,873.29,872.22,875.26,868.6,2120000000.0,0.36,3577.59,0.41,174.85,1
2020-11-24,1,3385000.0,98600.0,-1.4,3766043,375000000000.0,71800000000000.0,728002365,1112.6,44.91,42.84,45.2,42.82,4.3,0.5,0.25,-0.25,2609.01,0.53,19152.6,4.21,2617.76,2628.52,2605.03,1360000000.0,0.58,872.1,876.65,876.89,868.89,3190000000.0,-0.14,3635.41,2.58,174.85,1
2020-11-25,0,3330000.0,97200.0,-1.42,4081524,401000000000.0,70800000000000.0,728002365,1111.2,45.71,44.82,46.26,44.73,1.78,0.5,0.25,-0.25,2600.24,-0.34,18723.0,-2.24,2601.54,2642.26,2583.41,1410000000.0,-0.62,865.12,877.35,878.76,855.28,2490000000.0,-0.8,3629.65,-1.72,174.85,0
2020-11-26,1,3400000.0,99400.0,2.26,2933290,288000000000.0,72400000000000.0,728002365,1107.2,44.98,45.77,46.09,44.73,-1.6,0.5,0.25,-0.25,2615.9,0.43,17162.0,-8.34,2625.91,2625.97,2592.43,1390000000.0,0.94,874.53,868.6,875.26,861.05,1920000000.0,1.09,3634.0,-1.48,174.85,1
2020-11-27,1,3410000.0,98800.0,-0.6,1976047,195000000000.0,71900000000000.0,728002365,1105.8,45.53,45.9,46.09,44.55,1.22,0.5,0.25,-0.25,2631.56,1.2,17127.1,-0.2,2633.45,2635.0,2618.47,1200000000.0,0.29,885.56,876.37,886.2,875.45,1830000000.0,1.26,3638.35,-1.24,174.85,1
2020-11-30,0,3335000.0,97500.0,-1.32,3877841,380000000000.0,71000000000000.0,728002365,1104.4,45.34,45.34,45.8,44.42,-0.42,0.5,0.25,-0.25,2663.49,1.21,19698.1,8.32,2591.34,2648.66,2591.34,1310000000.0,-1.6,886.11,890.65,891.53,885.65,1740000000.0,0.06,3621.63,3.29,174.85,0
2020-12-01,1,3390000.0,100500.0,3.08,4455519,446000000000.0,73200000000000.0,728002365,1104.9,44.55,45.08,45.7,44.12,-1.74,0.5,0.25,-0.25,2709.73,1.74,18770.7,-4.71,2634.25,2638.87,2611.67,1150000000.0,1.66,891.29,889.53,892.22,883.24,2130000000.0,0.58,3662.45,-0.57,192.79,1
2020-12-02,1,3475000.0,109000.0,8.46,7488361,804000000000.0,79400000000000.0,728002365,1107.1,45.28,44.38,45.92,43.92,1.64,0.5,0.25,-0.25,2716.35,0.24,19218.8,2.39,2675.9,2677.26,2644.53,1080000000.0,1.58,899.34,894.94,899.87,891.61,1890000000.0,0.9,3669.01,0.04,192.79,1
2020-12-03,1,3485000.0,111500.0,2.29,6617912,736000000000.0,81200000000000.0,728002365,1103.3,45.64,44.99,45.84,44.66,0.8,0.5,0.25,-0.25,2716.15,-0.01,19433.3,1.12,2696.22,2696.22,2672.85,817070000.0,0.76,907.61,901.61,907.72,900.09,2360000000.0,0.92,3666.72,-1.29,192.79,1
2020-12-04,1,3575000.0,115000.0,3.14,8258814,958000000000.0,83700000000000.0,728002365,1098.1,46.26,45.64,46.68,45.61,1.36,0.5,0.25,-0.25,2793.03,2.83,18658.1,-3.99,2731.45,2742.77,2705.34,1780000000.0,1.31,913.76,909.99,914.27,908.24,2170000000.0,0.68,3699.12,1.5,192.79,1
2020-12-07,1,3645000.0,118000.0,2.61,5191354,613000000000.0,85900000000000.0,728002365,1086.6,45.76,46.15,46.54,45.36,-1.08,0.5,0.25,-0.25,2806.61,0.49,19170.7,-1.08,2745.44,2754.01,2711.42,1500000000.0,0.51,926.88,914.15,927.35,910.36,2240000000.0,1.44,3691.96,-3.9,192.79,1
2020-12-08,0,3585000.0,115000.0,-2.54,4536460,525000000000.0,83700000000000.0,728002365,1082.7,45.6,45.66,45.93,45.14,-0.35,0.5,0.25,-0.25,2816.27,0.34,18326.6,-4.4,2700.93,2747.45,2700.92,1420000000.0,-1.62,906.84,927.69,933.14,906.31,2600000000.0,-2.16,3702.25,-0.51,192.79,0
2020-12-09,1,3695000.0,120500.0,4.78,5490760,651000000000.0,87700000000000.0,728002365,1084.4,45.52,45.6,46.24,44.95,-0.18,0.5,0.25,-0.25,2734.77,-2.89,18546.0,1.2,2755.47,2755.47,2703.3,1250000000.0,2.02,913.81,908.05,917.21,904.45,2700000000.0,0.77,3672.82,-1.42,192.79,1
2020-12-10,0,3645000.0,116500.0,-3.32,8205744,960000000000.0,84800000000000.0,728002365,1083.6,46.78,45.69,47.74,45.52,2.77,0.5,0.25,-0.25,2733.67,-0.04,18247.2,-1.61,2746.46,2765.46,2718.7,1230000000.0,-0.33,921.7,913.02,922.13,905.76,2670000000.0,0.86,3668.1,0.11,192.79,0
2020-12-11,1,3670000.0,115500.0,-0.86,3944552,458000000000.0,84100000000000.0,728002365,1086.2,46.57,46.97,47.29,46.34,-0.45,0.5,0.25,-0.25,2704.08,-1.08,18023.6,-1.23,2770.06,2781.04,2754.16,1220000000.0,0.86,928.44,925.3,929.23,923.39,1910000000.0,0.73,3663.46,-1.88,192.79,1
2020-12-14,1,3690000.0,117000.0,1.3,3066761,359000000000.0,85200000000000.0,728002365,1089.3,46.99,46.73,47.44,45.69,0.9,0.5,0.25,-0.25,2736.25,1.19,19273.8,0.51,2762.2,2782.79,2755.29,1110000000.0,-0.28,929.54,930.78,935.9,924.52,1610000000.0,0.12,3647.49,-1.21,192.79,1
2020-12-15,0,3690000.0,117500.0,0.43,2755902,321000000000.0,85500000000000.0,728002365,1090.8,47.62,46.99,47.73,46.54,1.34,0.5,0.25,-0.25,2774.79,1.41,19434.9,0.84,2756.82,2769.37,2735.08,1090000000.0,-0.19,931.27,930.73,934.3,921.27,2100000000.0,0.19,3694.62,1.37,192.79,0
2020-12-16,0,3690000.0,117500.0,0.0,2213552,261000000000.0,85500000000000.0,728002365,1093.2,47.82,47.6,47.94,47.17,0.42,0.5,0.25,-0.25,2773.42,-0.05,21352.2,9.87,2771.79,2781.08,2761.5,1170000000.0,0.54,939.65,932.41,941.45,932.41,2000000000.0,0.9,3701.17,-0.34,192.79,0
2020-12-17,0,3665000.0,119500.0,1.7,3649945,432000000000.0,87000000000000.0,728002365,1092.2,48.36,47.85,48.59,47.81,1.13,0.5,0.25,-0.25,2778.14,0.17,22825.4,6.9,2770.43,2772.71,2742.25,1020000000.0,-0.05,944.04,938.88,948.43,938.88,2650000000.0,0.47,3722.48,4.4,192.79,0
2020-12-18,0,3650000.0,118500.0,-0.84,3010798,356000000000.0,86300000000000.0,728002365,1092.8,49.1,48.43,49.28,48.1,1.53,0.5,0.25,-0.25,2764.74,-0.48,23127.9,1.33,2772.18,2782.15,2762.8,1060000000.0,0.06,947.24,945.81,948.59,942.46,2110000000.0,0.34,3709.41,-1.53,192.79,0
2020-12-21,0,3650000.0,116000.0,-2.11,3585805,415000000000.0,84400000000000.0,728002365,1097.9,47.74,48.54,48.61,46.18,-2.77,0.5,0.25,-0.25,2747.29,-0.63,22728.5,-3.18,2778.65,2780.24,2747.09,1140000000.0,0.23,953.58,948.64,954.34,940.98,1930000000.0,0.67,3694.92,-3.24,192.79,0
2020-12-22,0,3615000.0,112500.0,-3.02,4270842,485000000000.0,81900000000000.0,728002365,1101.2,47.02,47.93,47.96,46.6,-1.51,0.5,0.25,-0.25,2743.97,-0.12,23823.2,4.82,2733.68,2774.22,2733.64,1260000000.0,-1.62,928.73,953.48,953.48,928.51,1860000000.0,-2.61,3687.26,-0.66,192.79,0
2020-12-23,1,3695000.0,116000.0,3.11,3173156,363000000000.0,84400000000000.0,728002365,1106.6,48.12,46.79,48.5,46.16,2.34,0.5,0.25,-0.25,2723.53,-0.74,23257.9,-2.37,2759.82,2769.08,2716.28,1120000000.0,0.96,923.17,932.25,938.91,918.44,1920000000.0,-0.6,3690.01,-2.38,192.79,1
2020-12-24,1,3890000.0,118000.0,1.72,3486636,410000000000.0,85900000000000.0,728002365,1108.9,48.23,48.09,48.62,47.56,0.23,0.5,0.25,-0.25,2750.24,0.98,23736.5,2.06,2806.86,2812.16,2762.6,1030000000.0,1.7,928.68,924.34,933.39,920.53,1720000000.0,0.6,3703.06,1.31,192.79,1
2020-12-28,1,3935000.0,115500.0,-2.12,4825132,567000000000.0,84100000000000.0,728002365,1103.7,47.62,48.23,48.96,47.5,-1.26,0.5,0.25,-0.25,2744.3,-0.22,27057.8,3.03,2808.6,2834.59,2799.56,1010000000.0,0.06,927.0,930.07,937.76,923.96,1640000000.0,-0.18,3735.36,-1.66,192.79,1
2020-12-29,0,3915000.0,116000.0,0.43,4208916,488000000000.0,84400000000000.0,728002365,1098.2,48.0,47.72,48.35,47.68,0.8,0.5,0.25,-0.25,2738.05,-0.23,27376.0,1.18,2820.51,2823.44,2792.06,1050000000.0,0.42,957.41,928.58,957.48,928.58,1510000000.0,3.28,3727.04,1.29,192.79,0
2020-12-30,1,4050000.0,118500.0,2.16,4195192,490000000000.0,86300000000000.0,728002365,1093.2,48.4,48.13,48.66,47.61,0.83,0.5,0.25,-0.25,2783.77,1.67,28868.7,5.45,2873.47,2878.21,2809.35,1070000000.0,1.88,968.42,957.38,971.04,955.38,1640000000.0,1.15,3732.04,0.65,192.79,1
2021-01-04,1,4150000.0,126000.0,6.33,7995016,994000000000.0,91700000000000.0,728002365,1088.0,47.62,48.4,49.83,47.18,-1.85,0.5,0.25,-0.25,2783.21,-0.44,32022.6,-2.84,2944.45,2946.54,2869.11,1030000000.0,2.47,977.62,968.86,977.62,960.52,1700000000.0,0.95,3700.65,-0.43,177.56,1
2021-01-05,1,4195000.0,130500.0,3.57,7180224,921000000000.0,95000000000000.0,728002365,1083.1,49.93,47.38,50.2,47.24,4.85,0.5,0.25,-0.25,2837.17,1.94,33991.5,6.15,2990.57,2990.57,2921.84,1520000000.0,1.57,985.76,976.43,985.76,965.53,1810000000.0,0.83,3726.86,0.71,177.56,1
2021-01-06,0,4110000.0,131000.0,0.38,8525749,1130000000000.0,95400000000000.0,728002365,1086.1,50.63,49.82,50.94,49.48,1.4,0.5,0.25,-0.25,2827.96,-0.32,36793.2,8.24,2968.21,3027.16,2961.37,1790000000.0,-0.75,981.39,987.25,990.88,977.37,1980000000.0,-0.44,3748.14,0.23,177.56,0
2021-01-07,1,4145000.0,134500.0,2.67,5981299,810000000000.0,97900000000000.0,728002365,1086.8,50.83,50.53,51.28,50.39,0.4,0.5,0.25,-0.25,2937.0,3.86,39460.2,7.25,3031.68,3055.28,2980.75,1520000000.0,2.14,988.86,983.28,993.91,982.27,2260000000.0,0.76,3803.79,-0.1,177.56,1
2021-01-08,1,4440000.0,138000.0,2.6,8713010,1180000000000.0,100000000000000.0,728002365,1087.7,52.24,50.93,52.75,50.81,2.77,0.5,0.25,-0.25,2936.47,-0.02,40599.3,2.89,3152.18,3161.11,3040.11,1300000000.0,3.97,987.79,990.7,995.22,978.12,2560000000.0,-0.11,3824.68,0.81,177.56,1
2021-01-11,1,4550000.0,133000.0,-3.62,11154671,1510000000000.0,96800000000000.0,728002365,1094.4,52.25,52.58,52.7,51.5,0.02,0.5,0.25,-0.25,2969.92,1.14,35544.3,-6.93,3148.45,3266.23,3096.19,1710000000.0,-0.12,976.63,988.38,993.2,953.36,2200000000.0,-1.13,3799.61,0.45,177.56,1
2021-01-12,0,4530000.0,129000.0,-3.01,8700877,1120000000000.0,93900000000000.0,728002365,1097.8,53.21,52.18,53.45,52.07,1.84,0.5,0.25,-0.25,2988.02,0.61,34076.1,-4.13,3125.95,3154.79,3047.56,1390000000.0,-0.71,973.72,977.14,982.46,956.72,1740000000.0,-0.3,3801.19,-1.61,177.56,0
2021-01-13,0,4485000.0,133000.0,3.1,6791044,891000000000.0,96800000000000.0,728002365,1099.9,52.91,53.31,53.93,52.58,-0.56,0.5,0.25,-0.25,2991.95,0.13,37382.2,9.7,3148.29,3164.37,3109.63,1580000000.0,0.71,979.13,974.14,982.66,972.1,1640000000.0,0.56,3809.84,0.08,177.56,1
2021-01-14,0,4485000.0,130500.0,-1.88,5380278,702000000000.0,95000000000000.0,728002365,1095.0,53.57,52.84,53.75,52.24,1.25,0.5,0.25,-0.25,3055.64,2.13,39175.7,4.8,3149.93,3159.03,3128.72,1230000000.0,0.05,980.29,979.1,980.29,973.63,1740000000.0,0.12,3795.54,1.12,177.56,0
2021-01-15,0,4400000.0,127500.0,-2.3,4838114,627000000000.0,92800000000000.0,728002365,1100.3,52.36,53.8,53.83,51.83,-2.26,0.5,0.25,-0.25,2992.77,-2.06,36845.8,-5.95,3085.9,3189.9,3085.9,1330000000.0,-2.03,964.44,981.72,982.31,963.09,1840000000.0,-1.62,3768.25,0.07,177.56,0
2021-01-18,0,4250000.0,130000.0,1.96,5927419,758000000000.0,94600000000000.0,728002365,1097.9,52.36,52.2,52.61,51.83,0.31,0.5,0.25,-0.25,3043.045,0.65,36613.2,2.16,3013.93,3079.9,3003.89,1470000000.0,-2.33,944.67,963.18,967.05,940.11,2040000000.0,-2.05,3783.58,0.125,177.56,0
2021-01-19,1,4350000.0,130500.0,0.38,4513315,589000000000.0,95000000000000.0,728002365,1104.4,52.98,52.0,53.13,51.76,1.18,0.5,0.25,-0.25,3093.32,3.36,36002.9,-1.67,3092.66,3107.0,3011.32,1350000000.0,2.61,957.75,945.33,962.14,936.93,2110000000.0,1.38,3798.91,0.18,177.56,1
2021-01-20,1,4360000.0,130500.0,0.0,4913282,649000000000.0,95000000000000.0,728002365,1102.1,53.24,53.13,53.79,53.05,0.49,0.5,0.25,-0.25,3085.04,-0.27,35476.3,-1.46,3114.55,3145.01,3077.15,1190000000.0,0.71,977.66,959.52,978.88,959.52,2440000000.0,2.08,3851.85,0.67,177.56,1
2021-01-21,1,4405000.0,131500.0,0.77,3067677,403000000000.0,95700000000000.0,728002365,1100.0,53.13,52.93,53.41,52.75,-0.21,0.5,0.25,-0.25,3132.17,1.53,30842.1,-13.06,3160.84,3163.21,3123.27,1360000000.0,1.49,981.4,979.82,984.98,975.62,2000000000.0,0.38,3853.07,0.34,177.56,1
2021-01-22,0,4340000.0,128500.0,-2.28,3927767,511000000000.0,93500000000000.0,728002365,1099.2,52.27,53.1,53.16,51.44,-1.62,0.5,0.25,-0.25,3074.4,-1.84,33000.5,7.0,3140.63,3185.26,3140.6,1110000000.0,-0.64,979.98,982.2,984.67,975.05,2290000000.0,-0.14,3841.47,-0.59,177.56,0
2021-01-25,1,4470000.0,135000.0,5.06,5061864,676000000000.0,98300000000000.0,728002365,1102.3,52.77,52.17,52.95,51.82,0.96,0.5,0.25,-0.25,3079.21,0.16,32252.3,0.03,3208.99,3212.22,3142.8,1090000000.0,2.18,999.3,981.05,999.64,981.05,1850000000.0,1.97,3855.36,0.17,177.56,1
2021-01-26,0,4335000.0,129000.0,-4.44,6270106,816000000000.0,93900000000000.0,728002365,1103.2,52.61,52.91,53.25,52.29,-0.3,0.5,0.25,-0.25,3031.77,-1.54,32502.1,0.77,3140.31,3209.18,3132.67,873020000.0,-2.14,994.0,1000.0,1007.52,989.03,2650000000.0,-0.53,3849.62,0.79,177.56,0
2021-01-27,0,4280000.0,128500.0,-0.39,5068456,656000000000.0,93500000000000.0,728002365,1103.0,52.85,52.76,53.3,51.85,0.46,0.5,0.25,-0.25,2875.13,-5.17,30404.0,-6.46,3122.56,3182.53,3118.89,924580000.0,-0.57,985.92,996.42,1000.75,984.37,2860000000.0,-0.81,3750.77,0.74,177.56,0
2021-01-28,0,4185000.0,123000.0,-4.28,6270829,775000000000.0,89500000000000.0,728002365,1104.0,52.34,52.65,53.58,52.04,-0.96,0.5,0.25,-0.25,2935.12,2.09,33374.8,9.77,3069.05,3114.98,3046.64,1310000000.0,-1.71,961.23,980.7,980.7,957.17,1950000000.0,-2.5,3787.38,-0.33,177.56,0
2021-01-29,0,4100000.0,122500.0,-0.41,7391307,922000000000.0,89200000000000.0,728002365,1114.6,52.2,52.15,53.25,51.93,-0.27,0.5,0.25,-0.25,2887.08,-1.64,34301.8,2.78,2976.21,3100.22,2962.7,995070000.0,-3.03,928.73,963.58,970.95,918.68,2190000000.0,-3.38,3714.24,0.0,177.56,0
2021-02-01,1,4150000.0,125000.0,2.04,5620305,690000000000.0,91000000000000.0,728002365,1117.2,53.55,51.99,53.74,51.64,2.59,0.5,0.25,-0.25,2999.99,3.91,33515.7,1.23,3056.53,3056.87,2947.24,969260000.0,2.7,956.92,927.92,957.26,918.92,1550000000.0,3.04,3773.86,0.57,171.96,1
2021-02-02,1,4220000.0,130000.0,4.0,4880067,634000000000.0,94600000000000.0,728002365,1118.0,54.76,53.48,55.26,53.45,2.26,0.5,0.25,-0.25,3047.33,1.58,35485.2,5.88,3096.81,3138.95,3065.56,887310000.0,1.32,963.81,958.85,972.35,953.72,1960000000.0,0.72,3826.31,0.07,171.96,1
2021-02-03,1,4230000.0,130000.0,0.0,3693688,481000000000.0,94600000000000.0,728002365,1116.6,55.69,55.05,56.33,54.81,1.7,0.5,0.25,-0.25,2982.87,-2.12,37646.8,6.09,3129.68,3142.26,3091.85,901790000.0,1.06,970.69,965.99,970.85,958.47,1910000000.0,0.71,3830.17,-0.17,171.96,1
2021-02-04,0,4125000.0,125000.0,-3.85,4600618,578000000000.0,91000000000000.0,728002365,1114.0,56.23,55.96,56.58,55.3,0.97,0.5,0.25,-0.25,3008.42,0.86,36982.1,-1.77,3087.55,3135.02,3068.46,1460000000.0,-1.35,964.58,970.93,970.95,958.05,2160000000.0,-0.63,3871.74,-0.55,171.96,0
2021-02-05,1,4175000.0,127500.0,2.0,3497303,442000000000.0,92800000000000.0,728002365,1116.7,56.85,56.46,57.29,56.43,1.1,0.5,0.25,-0.25,2985.01,-0.78,38297.6,3.56,3120.63,3124.62,3081.78,1190000000.0,1.07,967.42,965.61,970.6,961.26,1990000000.0,0.29,3886.83,0.72,171.96,1
2021-02-08,0,4150000.0,125000.0,-1.96,2876471,363000000000.0,91000000000000.0,728002365,1124.0,57.97,57.06,58.14,57.0,1.97,0.5,0.25,-0.25,3078.48,3.13,46395.7,19.41,3091.24,3128.54,3085.59,1280000000.0,-0.94,960.78,966.94,968.03,956.93,2130000000.0,-0.69,3915.59,0.51,171.96,0
2021-02-09,0,4135000.0,125500.0,0.4,5177095,661000000000.0,91400000000000.0,728002365,1119.1,58.36,58.11,58.62,57.27,0.67,0.5,0.25,-0.25,3064.95,-0.44,46508.6,0.24,3084.67,3129.66,3084.67,2150000000.0,-0.21,957.85,961.31,966.22,957.69,3200000000.0,-0.3,3911.23,-0.51,171.96,0
2021-02-10,0,4080000.0,126000.0,0.4,4262526,535000000000.0,91700000000000.0,728002365,1116.0,58.68,58.45,58.91,58.08,0.55,0.5,0.25,-0.25,3074.86,0.32,44836.0,-3.6,3100.58,3111.88,3064.25,2150000000.0,0.52,964.31,958.45,964.66,951.21,2810000000.0,0.67,3909.88,-0.03,171.96,0
2021-02-15,1,4210000.0,132000.0,4.76,5384526,707000000000.0,96100000000000.0,728002365,1110.1,60.09,60.36,60.95,59.96,-0.46,0.5,0.25,-0.25,3156.89,0.46,47936.3,-1.45,3147.0,3156.56,3108.7,1600000000.0,1.5,981.97,965.83,982.78,965.83,3030000000.0,1.83,3921.235,0.01,171.96,1
2021-02-16,1,4245000.0,132500.0,0.38,3218689,426000000000.0,96500000000000.0,728002365,1103.1,60.05,59.98,60.95,59.33,-0.07,0.5,0.25,-0.25,3238.92,0.59,49169.7,2.57,3163.25,3180.94,3145.84,1940000000.0,0.52,977.74,982.81,987.89,974.3,2990000000.0,-0.43,3932.59,0.05,171.96,1
2021-02-17,0,4160000.0,130000.0,-1.89,3621178,468000000000.0,94600000000000.0,728002365,1099.7,61.14,60.24,61.73,59.43,1.82,0.5,0.25,-0.25,3178.24,-1.87,52079.2,5.92,3133.73,3162.95,3115.48,1780000000.0,-0.93,979.77,977.93,979.9,970.55,5070000000.0,0.21,3931.33,-0.02,171.96,0
2021-02-18,0,4105000.0,126000.0,-3.08,3792425,482000000000.0,91700000000000.0,728002365,1107.7,60.52,61.68,62.26,59.79,-1.01,0.5,0.25,-0.25,3146.79,-0.99,51582.2,-0.95,3086.66,3140.4,3086.66,1860000000.0,-1.5,967.42,980.01,981.83,967.42,4410000000.0,-1.26,3913.97,0.4,171.96,0
2021-02-19,1,4130000.0,133000.0,5.56,6986526,915000000000.0,96800000000000.0,728002365,1105.7,59.24,60.2,60.29,58.59,-2.12,0.5,0.25,-0.25,3223.46,2.44,55906.6,8.38,3107.62,3109.67,3040.28,3460000000.0,0.68,965.11,967.65,968.92,944.74,4390000000.0,-0.24,3906.71,0.45,171.96,1
2021-02-22,0,4110000.0,136500.0,2.63,7961516,1090000000000.0,99400000000000.0,728002365,1107.1,61.49,58.88,61.84,58.82,3.8,0.5,0.25,-0.25,3102.01,-3.77,54111.8,-5.78,3079.75,3142.48,3079.16,1830000000.0,-0.9,954.29,965.55,969.96,953.48,2730000000.0,-1.12,3876.5,0.17,171.96,0
2021-02-23,0,4100000.0,138500.0,1.47,6400037,874000000000.0,101000000000000.0,728002365,1106.5,61.67,62.16,63.0,60.67,0.29,0.5,0.25,-0.25,3083.88,-0.58,48911.2,-9.61,3070.09,3094.29,3035.46,2360000000.0,-0.31,936.6,952.23,952.23,934.35,3390000000.0,-1.85,3881.37,-0.02,171.96,1
2021-02-24,0,4100000.0,136000.0,-1.81,9074809,1260000000000.0,99000000000000.0,728002365,1110.8,63.22,61.29,63.51,60.97,2.51,0.5,0.25,-0.25,3183.74,3.24,49697.5,1.61,2994.98,3092.05,2993.46,1560000000.0,-2.45,906.31,936.8,944.71,906.31,3620000000.0,-3.23,3925.43,1.4,171.96,0
2021-02-25,1,4265000.0,148500.0,9.19,9936495,1440000000000.0,108000000000000.0,728002365,1110.2,63.53,63.39,63.81,62.65,0.49,0.5,0.25,-0.25,2999.16,-5.8,46928.5,-5.57,3099.69,3099.8,3026.47,1280000000.0,3.5,936.21,910.15,936.94,910.15,2450000000.0,3.3,3829.34,0.37,171.96,1
2021-02-26,0,4125000.0,141500.0,-4.71,10843268,1540000000000.0,103000000000000.0,728002365,1108.4,61.5,63.46,63.57,61.34,-3.2,0.5,0.25,-0.25,3067.62,2.28,46345.6,-1.24,3012.95,3089.49,2988.28,1360000000.0,-2.8,913.94,930.54,930.54,904.18,2640000000.0,-2.38,3811.15,0.04,171.96,0
2021-03-02,1,4180000.0,144500.0,2.12,9376523,1370000000000.0,105000000000000.0,728002365,1121.8,59.75,60.23,61.21,59.38,-1.47,0.5,0.25,-0.25,3070.94,-3.1,48424.2,-2.36,3043.87,3096.5,3020.74,1750000000.0,1.03,923.17,919.17,936.61,914.49,2960000000.0,1.01,3870.29,1.02,195.37,1
2021-03-03,1,4200000.0,147000.0,1.73,5827221,840000000000.0,107000000000000.0,728002365,1121.3,61.28,59.55,61.99,59.24,2.56,0.5,0.25,-0.25,2975.58,-3.11,50395.1,4.07,3082.99,3083.04,3029.37,2240000000.0,1.29,930.8,922.52,930.86,920.07,3390000000.0,0.83,3819.72,0.14,195.37,1
2021-03-04,0,4120000.0,142000.0,-3.4,6586562,938000000000.0,103000000000000.0,728002365,1122.9,63.83,61.08,64.86,60.52,4.16,0.5,0.25,-0.25,2831.63,-4.84,48428.0,-3.9,3043.49,3076.88,3022.54,1280000000.0,-1.28,926.2,929.09,929.09,916.75,2450000000.0,-0.49,3768.47,-0.21,195.37,0
2021-03-05,0,4105000.0,140000.0,-1.41,6091444,844000000000.0,102000000000000.0,728002365,1126.2,66.09,64.16,66.42,63.82,3.54,0.5,0.25,-0.25,2920.75,3.15,48792.5,0.75,3026.26,3036.98,2982.45,1190000000.0,-0.57,923.48,923.32,924.42,907.41,2170000000.0,-0.29,3841.94,0.97,195.37,0
2021-03-08,0,4100000.0,135500.0,-3.21,5587787,775000000000.0,98600000000000.0,728002365,1129.4,65.05,66.68,67.98,64.57,-1.57,0.5,0.25,-0.25,2762.75,-5.41,52311.0,2.61,2996.11,3055.65,2992.64,1930000000.0,-1.0,904.77,925.19,931.14,904.62,3320000000.0,-2.03,3821.35,-1.21,195.37,0
2021-03-09,0,4070000.0,136500.0,0.74,7822152,1040000000000.0,99400000000000.0,728002365,1131.3,64.01,64.73,65.98,63.63,-1.6,0.5,0.25,-0.25,2932.21,6.13,54879.0,4.91,2976.12,3000.49,2929.36,1530000000.0,-0.67,896.36,904.04,904.04,877.73,3510000000.0,-0.93,3875.44,-0.1,195.37,0
2021-03-10,0,4045000.0,133000.0,-2.56,5614476,763000000000.0,96800000000000.0,728002365,1141.1,64.44,63.84,64.96,63.13,0.67,0.5,0.25,-0.25,2879.32,-1.8,55851.9,1.77,2958.12,3013.95,2951.53,905650000.0,-0.6,890.07,900.19,911.04,890.07,2880000000.0,-0.7,3898.81,0.22,195.37,0
2021-03-11,1,4100000.0,137000.0,3.01,6707671,919000000000.0,99700000000000.0,728002365,1140.7,66.02,64.7,66.21,64.54,2.45,0.5,0.25,-0.25,2997.13,4.09,57799.5,3.49,3013.7,3028.37,2964.3,1350000000.0,1.88,908.01,890.97,908.01,890.97,2420000000.0,2.02,3939.34,0.66,195.37,1
2021-03-12,1,4140000.0,140000.0,2.19,4548695,641000000000.0,102000000000000.0,728002365,1137.3,65.61,65.96,66.24,65.41,-0.62,0.5,0.25,-0.25,2965.09,-1.07,57265.1,-0.92,3054.39,3061.43,3030.73,1670000000.0,1.35,925.49,910.41,925.9,910.41,2860000000.0,1.93,3943.34,0.42,195.37,1
2021-03-15,0,4090000.0,136500.0,-2.5,4289990,595000000000.0,99400000000000.0,728002365,1130.7,65.39,65.56,66.4,64.13,-0.34,0.5,0.25,-0.25,3032.05,2.26,55791.3,-5.62,3045.71,3065.17,3036.14,1160000000.0,-0.28,926.9,926.04,929.69,921.71,2340000000.0,0.15,3968.94,1.8,195.37,0
2021-03-16,1,4140000.0,140500.0,2.93,3304561,461000000000.0,102000000000000.0,728002365,1135.9,64.8,65.33,65.43,63.8,-0.9,0.5,0.25,-0.25,3070.32,1.26,56889.7,1.97,3067.17,3071.54,3049.23,1120000000.0,0.7,940.65,928.17,941.0,928.17,3370000000.0,1.48,3962.71,-0.27,195.37,1
2021-03-17,0,4115000.0,140000.0,-0.36,2588319,362000000000.0,102000000000000.0,728002365,1132.5,64.6,64.75,65.34,63.6,-0.31,0.5,0.25,-0.25,3107.92,1.22,58913.5,3.56,3047.5,3069.57,3027.2,814990000.0,-0.64,943.78,941.2,943.78,935.11,2760000000.0,0.33,3974.12,0.97,195.37,0
2021-03-18,1,4145000.0,142000.0,1.43,4426840,634000000000.0,103000000000000.0,728002365,1131.8,60.0,64.42,64.82,58.2,-7.12,0.5,0.25,-0.25,2976.22,-4.24,57656.0,-2.13,3066.01,3090.19,3054.93,1230000000.0,0.61,949.83,945.11,953.1,945.11,2060000000.0,0.64,3915.46,-0.22,195.37,1
2021-03-19,0,4095000.0,138000.0,-2.82,4015627,555000000000.0,100000000000000.0,728002365,1123.7,61.42,59.56,61.72,58.94,2.37,0.5,0.25,-0.25,3011.37,1.18,58088.0,0.75,3039.53,3063.01,3022.49,1070000000.0,-0.86,952.11,946.61,953.06,935.27,1660000000.0,0.24,3913.1,1.3,195.37,0
2021-03-22,1,4100000.0,138000.0,0.0,2727719,378000000000.0,100000000000000.0,728002365,1131.8,61.55,61.55,61.9,60.39,0.21,0.5,0.25,-0.25,3077.55,2.2,54158.3,-5.62,3035.46,3048.11,3019.6,915740000.0,-0.13,955.38,953.04,957.52,948.77,1780000000.0,0.34,3940.59,-0.89,195.37,0
2021-03-23,0,4090000.0,135000.0,-2.17,3839090,523000000000.0,98300000000000.0,728002365,1131.3,57.76,61.28,61.35,57.25,-6.16,0.5,0.25,-0.25,2994.21,-2.71,54452.5,0.54,3004.74,3058.79,3003.05,1330000000.0,-1.01,946.31,956.1,962.65,945.97,2040000000.0,-0.95,3910.52,0.29,195.37,0
2021-03-24,0,4050000.0,133500.0,-1.11,3894080,518000000000.0,97200000000000.0,728002365,1128.0,61.18,57.4,61.34,57.29,5.92,0.5,0.25,-0.25,2953.97,-1.34,52325.4,-3.91,2996.35,3006.54,2971.04,978430000.0,-0.28,953.82,946.23,954.2,939.19,1730000000.0,0.79,3889.14,-3.11,195.37,0
2021-03-25,1,4060000.0,133000.0,-0.37,4157799,551000000000.0,96800000000000.0,728002365,1133.5,58.56,60.8,60.86,57.44,-4.28,0.5,0.25,-0.25,2959.88,0.2,51322.3,-1.92,3008.33,3024.63,2987.83,940350000.0,0.4,954.99,953.26,955.24,948.34,1750000000.0,0.12,3909.52,-0.55,195.37,1
2021-03-26,1,4075000.0,135000.0,1.5,3835443,513000000000.0,98300000000000.0,728002365,1134.2,60.97,58.48,61.36,58.32,4.12,0.5,0.25,-0.25,3106.28,4.95,55036.1,7.24,3041.01,3041.86,3012.79,1040000000.0,1.09,956.7,955.68,959.46,951.13,2130000000.0,0.18,3974.54,1.3,195.37,1
2021-03-29,1,4080000.0,132000.0,-2.22,3575226,477000000000.0,96100000000000.0,728002365,1131.8,61.56,60.93,61.77,59.41,0.97,0.5,0.25,-0.25,3054.63,-1.66,57616.2,3.32,3036.04,3054.21,3025.39,1290000000.0,-0.16,954.1,956.88,961.73,952.22,2390000000.0,-0.27,3971.09,1.43,195.37,0
2021-03-30,1,4110000.0,134500.0,1.89,3304184,443000000000.0,97900000000000.0,728002365,1131.7,60.55,61.96,62.27,59.94,-1.64,0.5,0.25,-0.25,3044.55,-0.33,58771.3,2.0,3070.0,3074.57,3038.44,1020000000.0,1.12,958.06,954.54,959.88,954.54,2030000000.0,0.42,3958.55,-0.98,195.37,1
2021-03-31,0,4070000.0,132500.0,-1.49,3309680,441000000000.0,96500000000000.0,728002365,1133.5,59.16,60.45,61.17,58.85,-2.3,0.5,0.25,-0.25,3124.94,2.64,58763.7,-0.01,3061.42,3093.89,3061.4,1150000000.0,-0.28,956.17,958.38,961.02,954.17,1850000000.0,-0.2,3972.89,-1.18,195.37,0
2021-04-01,1,4145000.0,140500.0,6.04,5833436,808000000000.0,102000000000000.0,728002365,1132.6,61.45,59.49,61.75,58.86,3.87,0.5,0.25,-0.25,3240.17,3.69,58718.3,-0.08,3087.4,3090.88,3069.68,922680000.0,0.85,965.78,956.87,965.81,954.93,2010000000.0,1.01,4019.87,0.49,200.03,1
2021-04-02,1,4240000.0,141000.0,0.36,3432245,485000000000.0,103000000000000.0,728002365,1129.3,60.05,60.495,61.625,58.245,-0.345,0.5,0.25,-0.25,3272.8,2.85,58977.3,0.44,3112.8,3121.58,3101.6,792700000.0,0.82,970.09,967.56,971.17,966.34,2330000000.0,0.45,4048.89,0.035,200.03,1
2021-04-05,1,4270000.0,143000.0,1.42,2616440,374000000000.0,104000000000000.0,728002365,1127.5,58.65,61.5,61.5,57.63,-4.56,0.5,0.25,-0.25,3305.43,2.01,58993.4,1.36,3120.83,3127.2,3101.86,1080000000.0,0.26,969.77,971.04,973.57,966.52,1930000000.0,-0.03,4077.91,-0.42,200.03,1
2021-04-06,1,4300000.0,143000.0,0.0,3753217,541000000000.0,104000000000000.0,728002365,1127.8,59.33,58.8,60.9,58.62,1.16,0.5,0.25,-0.25,3266.1,-1.19,57996.3,-1.69,3127.08,3139.29,3110.19,1280000000.0,0.2,968.63,971.11,974.14,964.62,2410000000.0,-0.12,4073.94,0.46,200.03,1
2021-04-07,0,4280000.0,143500.0,0.35,2424687,349000000000.0,104000000000000.0,728002365,1122.9,59.77,59.26,60.04,58.12,0.74,0.5,0.25,-0.25,3266.46,0.01,55948.7,-3.53,3137.41,3146.19,3125.33,1980000000.0,0.33,973.22,969.3,974.11,968.35,2040000000.0,0.47,4079.95,-2.21,200.03,0
2021-04-08,0,4235000.0,144000.0,0.35,3774932,544000000000.0,105000000000000.0,728002365,1116.4,59.6,59.52,59.93,58.82,-0.28,0.5,0.25,-0.25,3301.26,1.07,58077.4,3.8,3143.26,3145.81,3122.09,1360000000.0,0.19,982.02,974.14,982.04,969.53,1910000000.0,0.9,4097.17,-1.89,200.03,0
2021-04-09,0,4180000.0,140000.0,-2.78,3276077,464000000000.0,102000000000000.0,728002365,1118.5,59.32,59.76,59.95,59.1,-0.47,0.5,0.25,-0.25,3294.53,-0.2,58118.7,0.07,3131.88,3156.04,3125.24,1820000000.0,-0.36,989.39,983.4,991.17,983.4,1590000000.0,0.75,4128.8,-1.06,200.03,0
2021-04-12,0,4160000.0,137500.0,-1.79,3878457,534000000000.0,100000000000000.0,728002365,1117.2,59.7,59.35,60.77,58.73,0.64,0.5,0.25,-0.25,3258.33,-1.1,59863.8,-0.19,3135.59,3147.27,3127.91,1050000000.0,0.12,1000.65,992.31,1000.78,990.32,1910000000.0,1.14,4127.99,1.25,200.03,0
2021-04-13,1,4200000.0,139500.0,1.45,2876178,398000000000.0,102000000000000.0,728002365,1124.3,60.18,59.64,60.59,59.64,0.8,0.5,0.25,-0.25,3252.7,-0.17,63540.9,6.14,3169.08,3173.26,3136.99,1740000000.0,1.07,1010.37,1001.0,1010.8,1001.0,3660000000.0,0.97,4141.59,-1.08,200.03,1
2021-04-14,0,4200000.0,137000.0,-1.79,2777203,382000000000.0,99700000000000.0,728002365,1126.1,63.15,60.44,63.44,60.38,4.94,0.5,0.25,-0.25,3213.88,-1.19,62980.4,-0.88,3182.38,3188.32,3162.12,1780000000.0,0.42,1014.42,1011.35,1016.06,1009.34,3180000000.0,0.4,4124.66,0.24,200.03,0
2021-04-15,1,4205000.0,137500.0,0.36,2291160,315000000000.0,100000000000000.0,728002365,1119.9,63.46,62.83,63.57,62.53,0.49,0.5,0.25,-0.25,3271.33,1.79,63216.0,0.37,3194.33,3204.48,3178.99,1310000000.0,0.38,1013.9,1014.34,1014.72,1008.8,2620000000.0,-0.05,4170.42,0.83,200.03,1
2021-04-16,0,4195000.0,137500.0,0.0,1982877,274000000000.0,100000000000000.0,728002365,1117.6,63.13,63.32,63.88,62.83,-0.52,0.5,0.25,-0.25,3253.08,-0.56,61379.7,-2.9,3198.62,3206.76,3185.67,985280000.0,0.13,1021.62,1015.71,1022.36,1014.4,2070000000.0,0.76,4185.47,-0.94,200.03,0
2021-04-19,0,4165000.0,138000.0,0.36,1906782,263000000000.0,100000000000000.0,728002365,1117.9,63.38,62.98,63.63,62.63,0.4,0.5,0.25,-0.25,3171.0,-2.52,55646.1,-1.0,3198.84,3214.45,3193.4,1060000000.0,0.01,1029.46,1022.06,1032.64,1020.58,2010000000.0,0.77,4163.26,0.17,200.03,0
2021-04-20,1,4195000.0,138500.0,0.36,2167732,298000000000.0,101000000000000.0,728002365,1118.2,62.44,63.47,64.25,61.5,-1.48,0.5,0.25,-0.25,3121.43,-1.56,56483.2,1.5,3220.7,3220.82,3195.96,1300000000.0,0.68,1031.88,1029.18,1031.9,1025.48,1770000000.0,0.24,4134.94,0.29,200.03,1
2021-04-21,0,4130000.0,132500.0,-4.33,5120577,689000000000.0,96500000000000.0,728002365,1113.4,61.35,62.39,62.56,60.86,-1.75,0.5,0.25,-0.25,3207.25,2.75,53820.2,-4.71,3171.66,3214.24,3165.49,1770000000.0,-1.52,1022.22,1031.26,1031.26,1019.59,2890000000.0,-0.94,4173.42,0.4,200.03,0
2021-04-22,0,4120000.0,133000.0,0.38,3007457,402000000000.0,96800000000000.0,728002365,1117.4,61.43,61.11,61.87,60.61,0.13,0.5,0.25,-0.25,3133.17,-2.31,51729.5,-3.88,3177.52,3196.97,3174.52,1750000000.0,0.18,1025.71,1023.65,1029.8,1023.43,4090000000.0,0.34,4134.98,0.05,200.03,0
2021-04-23,1,4140000.0,132500.0,-0.38,4854412,634000000000.0,96500000000000.0,728002365,1116.3,62.14,61.65,62.43,61.25,1.16,0.5,0.25,-0.25,3196.98,2.04,51143.6,-1.13,3186.1,3188.7,3146.54,2250000000.0,0.27,1026.82,1024.29,1029.79,1018.87,4100000000.0,0.11,4180.17,0.31,200.03,1
2021-04-26,1,4175000.0,131500.0,-0.75,2904879,381000000000.0,95700000000000.0,728002365,1118.9,61.91,62.06,62.31,60.66,-0.37,0.5,0.25,-0.25,3250.26,1.67,54020.5,10.33,3217.53,3217.53,3191.34,1300000000.0,0.99,1030.06,1027.4,1030.6,1025.73,2930000000.0,0.32,4187.62,1.6,200.03,1
2021-04-27,0,4145000.0,135000.0,2.66,3394650,456000000000.0,98300000000000.0,728002365,1114.0,62.94,61.97,63.3,61.91,1.66,0.5,0.25,-0.25,3225.61,-0.76,55036.5,1.88,3215.42,3223.05,3203.25,1530000000.0,-0.07,1021.01,1030.29,1031.95,1019.81,3410000000.0,-0.88,4186.72,-1.0,200.03,1
2021-04-28,0,4105000.0,130000.0,-3.7,5596760,734000000000.0,94600000000000.0,728002365,1110.8,63.86,63.04,64.53,62.67,1.46,0.5,0.25,-0.25,3178.49,-1.46,54841.4,-0.35,3181.47,3219.69,3176.55,1410000000.0,-1.06,998.27,1021.13,1021.13,995.96,3240000000.0,-2.23,4183.18,0.02,200.03,0
2021-04-29,0,4085000.0,130000.0,0.0,3738266,487000000000.0,94600000000000.0,728002365,1112.5,65.01,63.7,65.47,63.65,1.8,0.5,0.25,-0.25,3202.5,0.76,53560.8,-2.34,3174.07,3200.41,3161.06,1220000000.0,-0.23,990.69,999.01,1004.57,983.73,1930000000.0,-0.76,4211.47,-0.14,200.03,0
2021-04-30,0,4075000.0,128000.0,-1.54,3955947,507000000000.0,93200000000000.0,728002365,1107.4,63.58,64.88,64.95,63.08,-2.2,0.5,0.25,-0.25,3108.99,-2.92,57720.3,7.77,3147.86,3179.43,3143.38,1360000000.0,-0.83,983.45,991.08,995.74,975.66,1470000000.0,-0.73,4181.17,0.12,200.03,0
2021-05-03,1,4085000.0,131500.0,2.73,4085398,534000000000.0,95700000000000.0,728002365,1109.6,64.49,63.64,64.68,62.91,1.43,0.5,0.25,-0.25,3073.38,-1.15,57169.8,1.0,3127.2,3174.26,3120.7,1040000000.0,-0.66,961.81,982.97,986.2,961.3,1460000000.0,-2.2,4192.66,0.53,200.03,1
2021-05-04,1,4130000.0,132000.0,0.38,2547004,334000000000.0,96100000000000.0,728002365,1119.3,65.69,64.53,66.19,64.29,1.86,0.5,0.25,-0.25,3024.31,-1.6,53741.5,-6.0,3147.37,3147.38,3109.78,1280000000.0,0.64,967.2,961.32,967.68,944.15,1550000000.0,0.56,4164.66,0.23,200.03,1
2021-05-06,0,4115000.0,129000.0,-2.27,4211535,543000000000.0,93900000000000.0,728002365,1121.1,64.71,65.27,65.98,64.5,-1.4,0.5,0.25,-0.25,3066.22,0.77,56405.4,-1.8,3178.74,3178.74,3133.64,1240000000.0,1.0,969.99,966.62,971.65,961.16,1140000000.0,0.29,4201.62,1.05,200.03,1
2021-05-07,0,4095000.0,129500.0,0.39,3450323,445000000000.0,94300000000000.0,728002365,1125.5,64.9,64.9,65.24,63.9,0.29,0.5,0.25,-0.25,3112.03,1.49,57337.2,1.65,3197.2,3205.11,3179.63,989680000.0,0.58,978.3,970.96,981.04,970.96,1270000000.0,0.86,4232.6,0.58,200.03,1
2021-05-10,1,4160000.0,130000.0,0.39,3067077,398000000000.0,94600000000000.0,728002365,1121.4,64.92,65.57,65.75,63.95,0.03,0.5,0.25,-0.25,2967.11,-4.66,55848.9,-4.1,3249.3,3255.9,3201.46,1010000000.0,1.63,992.8,979.38,993.06,979.38,1320000000.0,1.48,4188.43,-1.18,200.03,1
2021-05-11,0,4060000.0,123000.0,-5.38,9882491,1230000000000.0,89500000000000.0,728002365,1114.6,65.28,64.9,65.5,63.68,0.55,0.5,0.25,-0.25,2976.01,0.3,56695.7,1.52,3209.43,3239.92,3192.25,1100000000.0,-1.23,978.61,991.41,991.41,974.1,1410000000.0,-1.43,4152.1,0.11,200.03,0
2021-05-12,0,4000000.0,119500.0,-2.85,8272196,998000000000.0,87000000000000.0,728002365,1119.1,66.08,65.46,66.63,64.97,1.23,0.5,0.25,-0.25,2851.15,-4.2,49384.2,-12.9,3161.66,3212.83,3138.04,1420000000.0,-1.49,967.1,978.27,979.99,958.57,1970000000.0,-1.18,4063.04,-0.55,200.03,0
2021-05-13,0,3925000.0,117500.0,-1.67,6042025,707000000000.0,85500000000000.0,728002365,1123.5,63.82,65.75,65.81,63.09,-3.42,0.5,0.25,-0.25,2893.94,1.5,49704.6,0.65,3122.11,3161.93,3103.88,1100000000.0,-1.25,951.77,963.31,965.27,948.04,1450000000.0,-1.59,4112.5,0.7,200.03,0
2021-05-14,1,4005000.0,118500.0,0.85,3227201,384000000000.0,86300000000000.0,728002365,1130.6,65.37,63.83,65.62,63.33,2.43,0.5,0.25,-0.25,2981.42,0.03,49839.8,0.27,3153.32,3162.31,3131.35,836400000.0,1.0,966.72,953.91,967.18,953.91,1560000000.0,1.57,4173.85,0.37,200.03,1
